,date,median_price,volume_sold
0,Jul 01 2022,177.516,8
1,Jul 02 2022,190.95,88
2,Jul 03 2022,157.379,75
3,Jul 04 2022,130.353,74
4,Jul 05 2022,128.229,57
5,Jul 06 2022,133.86,54
6,Jul 07 2022,135.208,65
7,Jul 08 2022,137.415,68
8,Jul 09 2022,137.429,59
9,Jul 10 2022,129.55,80
10,Jul 11 2022,119.66,64
11,Jul 12 2022,111.128,70
12,Jul 13 2022,120.594,35
13,Jul 14 2022,115.46,53
14,Jul 15 2022,117.399,65
15,Jul 16 2022,119.356,47
16,Jul 17 2022,123.485,53
17,Jul 18 2022,124.389,49
18,Jul 19 2022,119.671,54
19,Jul 20 2022,132.605,26
20,Jul 21 2022,126.054,49
21,Jul 22 2022,123.718,58
22,Jul 23 2022,123.391,44
23,Jul 24 2022,122.161,55
24,Jul 25 2022,115.393,66
25,Jul 26 2022,115.467,57
26,Jul 27 2022,111.934,61
27,Jul 28 2022,110.446,60
28,Jul 29 2022,112.601,73
29,Jul 30 2022,112.884,69
30,Jul 31 2022,117.065,56
31,Aug 01 2022,119.616,43
32,Aug 02 2022,119.583,55
33,Aug 03 2022,120.102,54
34,Aug 04 2022,117.867,63
35,Aug 05 2022,119.111,76
36,Aug 06 2022,123.142,53
37,Aug 07 2022,124.035,66
38,Aug 08 2022,118.361,46
39,Aug 09 2022,122.012,27
40,Aug 10 2022,116.848,66
41,Aug 11 2022,113.084,70
42,Aug 12 2022,112.266,75
43,Aug 13 2022,115.024,70
44,Aug 14 2022,115.213,71
45,Aug 15 2022,115.45,58
46,Aug 16 2022,116.999,55
47,Aug 17 2022,117.137,71
48,Aug 18 2022,115.95,68
49,Aug 19 2022,118.389,97
50,Aug 20 2022,117.719,88
51,Aug 21 2022,115.435,77
52,Aug 22 2022,114.296,73
53,Aug 23 2022,117.276,63
54,Aug 24 2022,116.131,57
55,Aug 25 2022,115.336,50
56,Aug 26 2022,116.781,56
57,Aug 27 2022,118.456,70
58,Aug 28 2022,117.719,65
59,Aug 29 2022,117.364,53
60,Aug 30 2022,115.888,52
61,Aug 31 2022,116.382,64
62,Sep 01 2022,120.724,65
63,Sep 02 2022,122.64,58
64,Sep 03 2022,125.366,73
65,Sep 04 2022,122.051,52
66,Sep 05 2022,122.459,60
67,Sep 06 2022,121.994,66
68,Sep 07 2022,121.809,45
69,Sep 08 2022,118.271,61
70,Sep 09 2022,113.233,60
71,Sep 10 2022,110.91,57
72,Sep 11 2022,108.196,49
73,Sep 12 2022,107.929,49
74,Sep 13 2022,109.238,49
75,Sep 14 2022,108.344,52
76,Sep 15 2022,105.318,56
77,Sep 16 2022,105.391,72
78,Sep 17 2022,106.401,59
79,Sep 18 2022,107.449,67
80,Sep 19 2022,105.058,50
81,Sep 20 2022,105.81,53
82,Sep 21 2022,103.539,55
83,Sep 22 2022,97.767,69
84,Sep 23 2022,97.985,63
85,Sep 24 2022,97.133,67
86,Sep 25 2022,92.281,87
87,Sep 26 2022,89.315,77
88,Sep 27 2022,83.588,65
89,Sep 28 2022,81.318,78
90,Sep 29 2022,84.335,73
91,Sep 30 2022,86.506,71
92,Oct 01 2022,88.621,78
93,Oct 02 2022,91.514,61
94,Oct 03 2022,93.036,69
95,Oct 04 2022,94.326,54
96,Oct 05 2022,93.762,49
97,Oct 06 2022,92.465,57
98,Oct 07 2022,94.717,68
99,Oct 08 2022,95.881,64
100,Oct 09 2022,95.745,56
101,Oct 10 2022,93.943,53
102,Oct 11 2022,93.392,64
103,Oct 12 2022,94.097,39
104,Oct 13 2022,91.786,68
105,Oct 14 2022,91.43,37
106,Oct 15 2022,91.952,74
107,Oct 16 2022,91.511,74
108,Oct 17 2022,90.97,58
109,Oct 18 2022,91.83,47
110,Oct 19 2022,91.963,60
111,Oct 20 2022,90.75,51
112,Oct 21 2022,87.758,61
113,Oct 22 2022,87.394,75
114,Oct 23 2022,85.409,66
115,Oct 24 2022,84.188,48
116,Oct 25 2022,87.22,41
117,Oct 26 2022,87.739,57
118,Oct 27 2022,89.088,67
119,Oct 28 2022,87.1,79
120,Oct 29 2022,88.355,72
121,Oct 30 2022,89.692,74
122,Oct 31 2022,87.905,56
123,Nov 01 2022,86.653,73
124,Nov 02 2022,86.456,70
125,Nov 03 2022,87.661,70
126,Nov 04 2022,89.556,56
127,Nov 05 2022,90.541,70
128,Nov 06 2022,88.377,63
129,Nov 07 2022,86.99,59
130,Nov 08 2022,88.461,55
131,Nov 09 2022,90.011,62
132,Nov 10 2022,87.928,65
133,Nov 11 2022,88.495,52
134,Nov 12 2022,87.852,69
135,Nov 13 2022,87.54,58
136,Nov 14 2022,85.605,50
137,Nov 15 2022,85.915,62
138,Nov 16 2022,83.308,56
139,Nov 17 2022,83.171,48
140,Nov 18 2022,83.092,54
141,Nov 19 2022,81.308,68
142,Nov 20 2022,78.899,48
143,Nov 21 2022,75.542,67
144,Nov 22 2022,78.805,42
145,Nov 23 2022,79.594,48
146,Nov 24 2022,77.697,58
147,Nov 25 2022,79.87,48
148,Nov 26 2022,77.108,55
149,Nov 27 2022,80.109,58
150,Nov 28 2022,77.911,48
151,Nov 29 2022,79.473,49
152,Nov 30 2022,80.565,40
153,Dec 01 2022,81.038,56
154,Dec 02 2022,84.069,53
155,Dec 03 2022,82.558,54
156,Dec 04 2022,82.483,59
157,Dec 05 2022,82.28,52
158,Dec 06 2022,82.143,65
159,Dec 07 2022,82.264,61
160,Dec 08 2022,83.046,49
161,Dec 09 2022,84.312,43
162,Dec 10 2022,81.053,61
163,Dec 11 2022,82.056,72
164,Dec 12 2022,80.752,43
165,Dec 13 2022,79.589,49
166,Dec 14 2022,81.078,43
167,Dec 15 2022,78.843,45
168,Dec 16 2022,78.756,62
169,Dec 17 2022,78.25,66
170,Dec 18 2022,77.569,64
171,Dec 19 2022,74.835,53
172,Dec 20 2022,71.475,57
173,Dec 21 2022,70.412,75
174,Dec 22 2022,70.506,55
175,Dec 23 2022,69.362,71
176,Dec 24 2022,69.8,73
177,Dec 25 2022,70.056,64
178,Dec 26 2022,67.165,76
179,Dec 27 2022,69.438,73
180,Dec 28 2022,70.884,65
181,Dec 29 2022,71.147,65
182,Dec 30 2022,71.601,77
183,Dec 31 2022,69.184,69
184,Jan 01 2023,69.767,63
185,Jan 02 2023,69.842,74
186,Jan 03 2023,69.833,57
187,Jan 04 2023,68.678,78
188,Jan 05 2023,68.105,68
189,Jan 06 2023,68.49,66
190,Jan 07 2023,70.034,87
191,Jan 08 2023,68.869,68
192,Jan 09 2023,70.551,81
193,Jan 10 2023,71.959,72
194,Jan 11 2023,72.3,57
195,Jan 12 2023,73.615,64
196,Jan 13 2023,74.783,58
197,Jan 14 2023,75.357,75
198,Jan 15 2023,73.634,73
199,Jan 16 2023,73.501,61
200,Jan 17 2023,73.908,74
201,Jan 18 2023,71.889,67
202,Jan 19 2023,71.21,64
203,Jan 20 2023,70.473,68
204,Jan 21 2023,70.844,88
205,Jan 22 2023,71.582,82
206,Jan 23 2023,70.992,64
207,Jan 24 2023,72.876,47
208,Jan 25 2023,74.064,44
209,Jan 26 2023,72.516,73
210,Jan 27 2023,73.385,70
211,Jan 28 2023,73.677,89
212,Jan 29 2023,74.305,76
213,Jan 30 2023,71.432,58
214,Jan 31 2023,70.25,80
215,Feb 01 2023,70.055,67
216,Feb 02 2023,72.171,74
217,Feb 03 2023,73.009,71
218,Feb 04 2023,72.01,84
219,Feb 05 2023,73.614,85
220,Feb 06 2023,70.895,73
221,Feb 07 2023,71.84,85
222,Feb 08 2023,69.489,69
223,Feb 09 2023,71.022,66
224,Feb 10 2023,72.02,109
225,Feb 11 2023,71.508,121
226,Feb 12 2023,72.256,127
227,Feb 13 2023,72.707,113
228,Feb 14 2023,72.935,93
229,Feb 15 2023,72.331,128
230,Feb 16 2023,73.553,120
231,Feb 17 2023,73.752,114
232,Feb 18 2023,72.123,95
233,Feb 19 2023,70.709,88
234,Feb 20 2023,71.212,87
235,Feb 21 2023,73.422,92
236,Feb 22 2023,71.639,124
237,Feb 23 2023,72.489,113
238,Feb 24 2023,70.391,127
239,Feb 25 2023,70.201,134
240,Feb 26 2023,70.919,115
241,Feb 27 2023,70.728,104
242,Feb 28 2023,70.234,104
243,Mar 01 2023,72.224,117
244,Mar 02 2023,73.677,116
245,Mar 03 2023,74.446,98
246,Mar 04 2023,73.531,131
247,Mar 05 2023,73.995,116
248,Mar 06 2023,73.968,103
249,Mar 07 2023,74.05,99
250,Mar 08 2023,74.027,103
251,Mar 09 2023,74.277,81
252,Mar 10 2023,75.609,118
253,Mar 11 2023,73.665,141
254,Mar 12 2023,74.313,111
255,Mar 13 2023,73.443,96
256,Mar 14 2023,72.384,86
257,Mar 15 2023,73.07,87
258,Mar 16 2023,72.713,97
259,Mar 17 2023,73.114,115
260,Mar 18 2023,72.047,92
261,Mar 19 2023,71.922,123
262,Mar 20 2023,72.296,89
263,Mar 21 2023,72.374,111
264,Mar 22 2023,75.11,142
265,Mar 23 2023,80.449,129
266,Mar 24 2023,76.447,155
267,Mar 25 2023,75.738,137
268,Mar 26 2023,76.185,144
269,Mar 27 2023,76.8,130
270,Mar 28 2023,76.193,113
271,Mar 29 2023,77.986,110
272,Mar 30 2023,76.914,99
273,Mar 31 2023,77.925,101
274,Apr 01 2023,77.638,116
275,Apr 02 2023,77.388,137
276,Apr 03 2023,77.564,140
277,Apr 04 2023,77.235,115
278,Apr 05 2023,78.303,132
279,Apr 06 2023,80.318,129
280,Apr 07 2023,80.8,118
281,Apr 08 2023,81.682,120
282,Apr 09 2023,81.627,130
283,Apr 10 2023,80.257,150
284,Apr 11 2023,82.02,133
285,Apr 12 2023,84.652,107
286,Apr 13 2023,85.035,131
287,Apr 14 2023,88.355,114
288,Apr 15 2023,87.755,120
289,Apr 16 2023,86.956,109
290,Apr 17 2023,84.545,135
291,Apr 18 2023,87.962,94
292,Apr 19 2023,89.278,96
293,Apr 20 2023,87.895,130
294,Apr 21 2023,84.945,137
295,Apr 22 2023,83.516,146
296,Apr 23 2023,83.798,126
297,Apr 24 2023,77.519,146
298,Apr 25 2023,75.689,238
299,Apr 26 2023,74.664,152
300,Apr 27 2023,75.648,151
301,Apr 28 2023,74.455,161
302,Apr 29 2023,75.76,177
303,Apr 30 2023,74.326,164
304,May 01 2023,73.773,118
305,May 02 2023,73.959,135
306,May 03 2023,74.106,126
307,May 04 2023,74.762,126
308,May 05 2023,71.801,244
309,May 06 2023,72.83,144
310,May 07 2023,73.086,138
311,May 08 2023,70.831,130
312,May 09 2023,71.329,125
313,May 10 2023,70.039,132
314,May 11 2023,71.605,132
315,May 12 2023,70.304,135
316,May 13 2023,70.157,178
317,May 14 2023,68.617,178
318,May 15 2023,69.027,129
319,May 16 2023,69.766,120
320,May 17 2023,69.736,138
321,May 18 2023,69.49,132
322,May 19 2023,70.23,130
323,May 20 2023,68.642,134
324,May 21 2023,68.38,157
325,May 22 2023,70.205,132
326,May 23 2023,68.159,124
327,May 24 2023,68.483,112
328,May 25 2023,69.88,132
329,May 26 2023,69.02,134
330,May 27 2023,68.7,130
331,May 28 2023,69.603,138
332,May 29 2023,69.13,144
333,May 30 2023,69.854,107
334,May 31 2023,70.013,135
335,Jun 01 2023,71.407,110
336,Jun 02 2023,71.821,131
337,Jun 03 2023,71.739,144
338,Jun 04 2023,72.366,147
339,Jun 05 2023,72.87,101
340,Jun 06 2023,72.167,125
341,Jun 07 2023,72.648,132
342,Jun 08 2023,72.923,133
343,Jun 09 2023,73.446,111
344,Jun 10 2023,73.285,134
345,Jun 11 2023,72.516,131
346,Jun 12 2023,72.109,102
347,Jun 13 2023,73.115,101
348,Jun 14 2023,72.577,122
349,Jun 15 2023,74.053,123
350,Jun 16 2023,74.261,101
351,Jun 17 2023,74.127,124
352,Jun 18 2023,73.695,127
353,Jun 19 2023,72.494,88
354,Jun 20 2023,71.974,93
355,Jun 21 2023,72.545,119
356,Jun 22 2023,72.56,102
357,Jun 23 2023,71.565,162
358,Jun 24 2023,69.421,147
359,Jun 25 2023,69.258,135
360,Jun 26 2023,69.566,111
361,Jun 27 2023,67.084,104
362,Jun 28 2023,65.645,102
363,Jun 29 2023,64.456,117
364,Jun 30 2023,61.607,149
365,Jul 01 2023,62.121,128
366,Jul 02 2023,62.915,129
367,Jul 03 2023,63.477,131
368,Jul 04 2023,64.339,77
369,Jul 05 2023,63.933,106
370,Jul 06 2023,63.165,82
371,Jul 07 2023,62.997,90
372,Jul 08 2023,64.669,83
373,Jul 09 2023,60.523,70
374,Jul 10 2023,59.548,72
375,Jul 11 2023,60.323,97
376,Jul 12 2023,56.592,157
377,Jul 13 2023,54.557,100
378,Jul 14 2023,55.862,122
379,Jul 15 2023,57.716,120
380,Jul 16 2023,57.792,123
381,Jul 17 2023,58.179,104
382,Jul 18 2023,58.654,110
383,Jul 19 2023,56.453,113
384,Jul 20 2023,57.588,89
385,Jul 21 2023,57.936,109
386,Jul 22 2023,58.272,116
387,Jul 23 2023,58.476,120
388,Jul 24 2023,57.516,105
389,Jul 25 2023,58.383,106
390,Jul 26 2023,58.186,112
391,Jul 27 2023,57.9,108
392,Jul 28 2023,57.157,132
393,Jul 29 2023,56.35,134
394,Jul 30 2023,57.677,109
395,Jul 31 2023,56.443,113
396,Aug 01 2023,58.042,105
397,Aug 02 2023,59.768,110
398,Aug 03 2023,58.802,107
399,Aug 04 2023,57.988,116
400,Aug 05 2023,57.912,148
401,Aug 06 2023,57.82,101
402,Aug 07 2023,57.122,127
403,Aug 08 2023,56.123,95
404,Aug 09 2023,55.805,123
405,Aug 10 2023,55.553,121
406,Aug 11 2023,55.796,116
407,Aug 12 2023,56.875,120
408,Aug 13 2023,56.74,103
409,Aug 14 2023,55.814,86
410,Aug 15 2023,54.937,121
411,Aug 16 2023,54.558,119
412,Aug 17 2023,54.72,92
413,Aug 18 2023,53.789,113
414,Aug 19 2023,55.267,145
415,Aug 20 2023,55.262,117
416,Aug 21 2023,54.291,94
417,Aug 22 2023,55.0,93
418,Aug 23 2023,52.935,99
419,Aug 24 2023,53.415,79
420,Aug 25 2023,53.478,114
421,Aug 26 2023,53.926,129
422,Aug 27 2023,55.076,99
423,Aug 28 2023,55.348,101
424,Aug 29 2023,56.145,98
425,Aug 30 2023,54.871,116
426,Aug 31 2023,55.497,121
427,Sep 01 2023,57.823,124
428,Sep 02 2023,57.015,131
429,Sep 03 2023,58.542,104
430,Sep 04 2023,57.366,117
431,Sep 05 2023,56.794,101
432,Sep 06 2023,55.549,104
433,Sep 07 2023,54.918,127
434,Sep 08 2023,55.709,137
435,Sep 09 2023,54.911,129
436,Sep 10 2023,54.955,145
437,Sep 11 2023,54.904,118
438,Sep 12 2023,54.97,142
439,Sep 13 2023,56.726,110
440,Sep 14 2023,56.748,109
441,Sep 15 2023,56.831,138
442,Sep 16 2023,57.118,147
443,Sep 17 2023,57.944,148
444,Sep 18 2023,55.983,114
445,Sep 19 2023,55.591,117
446,Sep 20 2023,56.565,100
447,Sep 21 2023,56.13,118
448,Sep 22 2023,55.319,93
449,Sep 23 2023,55.581,105
450,Sep 24 2023,57.589,88
451,Sep 25 2023,56.217,99
452,Sep 26 2023,54.888,90
453,Sep 27 2023,54.971,128
454,Sep 28 2023,53.767,194
455,Sep 29 2023,53.302,202
456,Sep 30 2023,53.391,191
457,Oct 01 2023,55.115,171
458,Oct 02 2023,56.048,166
459,Oct 03 2023,56.2,164
460,Oct 04 2023,55.718,148
461,Oct 05 2023,56.154,133
462,Oct 06 2023,56.494,171
463,Oct 07 2023,56.685,145
464,Oct 08 2023,56.663,172
465,Oct 09 2023,56.342,151
466,Oct 10 2023,57.089,139
467,Oct 11 2023,56.954,166
468,Oct 12 2023,57.612,185
469,Oct 13 2023,57.917,157
470,Oct 14 2023,58.397,147
471,Oct 15 2023,58.211,145
472,Oct 16 2023,57.021,120
473,Oct 17 2023,56.187,134
474,Oct 18 2023,55.152,170
475,Oct 19 2023,54.797,129
476,Oct 20 2023,53.298,132
477,Oct 21 2023,52.652,161
478,Oct 22 2023,52.226,157
479,Oct 23 2023,52.465,135
480,Oct 24 2023,52.548,121
481,Oct 25 2023,51.872,136
482,Oct 26 2023,50.947,173
483,Oct 27 2023,47.465,226
484,Oct 28 2023,45.493,184
485,Oct 29 2023,46.092,148
486,Oct 30 2023,47.891,145
487,Oct 31 2023,48.891,115
488,Nov 01 2023,49.454,162
489,Nov 02 2023,49.504,168
490,Nov 03 2023,49.185,138
491,Nov 04 2023,48.381,135
492,Nov 05 2023,47.027,122
493,Nov 06 2023,46.983,121
494,Nov 07 2023,47.201,130
495,Nov 08 2023,45.966,136
496,Nov 09 2023,45.553,115
497,Nov 10 2023,44.457,160
498,Nov 11 2023,43.073,131
499,Nov 12 2023,43.319,132
500,Nov 13 2023,42.412,97
501,Nov 14 2023,41.051,113
502,Nov 15 2023,39.369,130
503,Nov 16 2023,39.711,144
504,Nov 17 2023,40.825,101
505,Nov 18 2023,41.359,121
506,Nov 19 2023,39.657,102
507,Nov 20 2023,39.461,88
508,Nov 21 2023,41.258,108
509,Nov 22 2023,38.847,157
510,Nov 23 2023,38.154,137
511,Nov 24 2023,38.474,107
512,Nov 25 2023,37.957,127
513,Nov 26 2023,38.119,126
514,Nov 27 2023,38.323,115
515,Nov 28 2023,38.593,103
516,Nov 29 2023,39.717,91
517,Nov 30 2023,40.265,90
518,Dec 01 2023,41.221,107
519,Dec 02 2023,42.059,110
520,Dec 03 2023,42.696,94
521,Dec 04 2023,43.075,100
522,Dec 05 2023,43.581,90
523,Dec 06 2023,43.357,122
524,Dec 07 2023,42.562,116
525,Dec 08 2023,41.8,117
526,Dec 09 2023,41.355,96
527,Dec 10 2023,41.141,108
528,Dec 11 2023,41.357,80
529,Dec 12 2023,41.904,83
530,Dec 13 2023,41.96,77
531,Dec 14 2023,40.914,87
532,Dec 15 2023,40.029,117
533,Dec 16 2023,40.258,118
534,Dec 17 2023,40.142,98
535,Dec 18 2023,40.182,85
536,Dec 19 2023,40.011,89
537,Dec 20 2023,40.012,89
538,Dec 21 2023,39.259,111
539,Dec 22 2023,38.461,150
540,Dec 23 2023,38.309,136
541,Dec 24 2023,38.628,122
542,Dec 25 2023,38.819,122
543,Dec 26 2023,38.704,93
544,Dec 27 2023,38.097,127
545,Dec 28 2023,38.589,116
546,Dec 29 2023,38.433,108
547,Dec 30 2023,38.712,122
548,Dec 31 2023,39.085,131
549,Jan 01 2024,39.218,96
550,Jan 02 2024,38.929,111
551,Jan 03 2024,38.567,104
552,Jan 04 2024,38.712,89
553,Jan 05 2024,39.454,79
554,Jan 06 2024,39.124,77
555,Jan 07 2024,39.89,92
556,Jan 08 2024,39.266,84
557,Jan 09 2024,38.752,59
558,Jan 10 2024,38.308,91
559,Jan 11 2024,38.477,87
560,Jan 12 2024,38.2,113
561,Jan 13 2024,38.033,93
562,Jan 14 2024,38.263,81
563,Jan 15 2024,38.521,84
564,Jan 16 2024,38.052,88
565,Jan 17 2024,38.613,82
566,Jan 18 2024,37.576,93
567,Jan 19 2024,37.301,108
568,Jan 20 2024,36.585,117
569,Jan 21 2024,36.158,90
570,Jan 22 2024,34.943,96
571,Jan 23 2024,34.456,110
572,Jan 24 2024,33.867,101
573,Jan 25 2024,33.134,112
574,Jan 26 2024,33.783,89
575,Jan 27 2024,32.545,90
576,Jan 28 2024,32.549,93
577,Jan 29 2024,33.224,73
578,Jan 30 2024,33.634,72
579,Jan 31 2024,33.245,114
580,Feb 01 2024,33.373,108
581,Feb 02 2024,34.58,92
582,Feb 03 2024,35.03,97
583,Feb 04 2024,35.141,95
584,Feb 05 2024,35.995,88
585,Feb 06 2024,36.123,77
586,Feb 07 2024,34.88,184
587,Feb 08 2024,33.925,141
588,Feb 09 2024,33.944,164
589,Feb 10 2024,34.805,150
590,Feb 11 2024,35.521,143
591,Feb 12 2024,35.698,123
592,Feb 13 2024,35.782,130
593,Feb 14 2024,35.184,144
594,Feb 15 2024,35.373,130
595,Feb 16 2024,35.103,134
596,Feb 17 2024,36.16,135
597,Feb 18 2024,36.598,135
598,Feb 19 2024,37.904,116
599,Feb 20 2024,38.481,115
600,Feb 21 2024,37.65,121
601,Feb 22 2024,38.502,132
602,Feb 23 2024,38.61,110
603,Feb 24 2024,38.74,133
604,Feb 25 2024,38.654,120
605,Feb 26 2024,39.288,134
606,Feb 27 2024,41.519,107
607,Feb 28 2024,41.338,98
608,Feb 29 2024,40.573,128
609,Mar 01 2024,41.325,110
610,Mar 02 2024,41.529,111
611,Mar 03 2024,41.455,124
612,Mar 04 2024,41.981,96
613,Mar 05 2024,41.808,92
614,Mar 06 2024,39.903,115
615,Mar 07 2024,41.527,116
616,Mar 08 2024,42.545,101
617,Mar 09 2024,43.18,140
618,Mar 10 2024,43.913,133
619,Mar 11 2024,43.99,92
620,Mar 12 2024,43.099,101
621,Mar 13 2024,44.448,133
622,Mar 14 2024,44.908,179
623,Mar 15 2024,46.067,140
624,Mar 16 2024,46.325,133
625,Mar 17 2024,43.979,116
626,Mar 18 2024,43.681,107
627,Mar 19 2024,44.163,108
628,Mar 20 2024,45.387,91
629,Mar 21 2024,44.879,132
630,Mar 22 2024,44.434,116
631,Mar 23 2024,44.743,112
632,Mar 24 2024,44.296,117
633,Mar 25 2024,43.291,105
634,Mar 26 2024,43.338,100
635,Mar 27 2024,44.767,96
636,Mar 28 2024,45.552,99
637,Mar 29 2024,46.778,106
638,Mar 30 2024,45.916,92
639,Mar 31 2024,45.055,99
640,Apr 01 2024,44.801,119
641,Apr 02 2024,45.9,83
642,Apr 03 2024,46.421,128
643,Apr 04 2024,46.904,114
644,Apr 05 2024,46.839,75
645,Apr 06 2024,47.188,115
646,Apr 07 2024,48.217,108
647,Apr 08 2024,49.021,99
648,Apr 09 2024,48.294,93
649,Apr 10 2024,47.533,129
650,Apr 11 2024,47.311,89
651,Apr 12 2024,46.904,113
652,Apr 13 2024,46.683,98
653,Apr 14 2024,46.451,103
654,Apr 15 2024,45.45,81
655,Apr 16 2024,45.975,80
656,Apr 17 2024,46.048,94
657,Apr 18 2024,45.242,105
658,Apr 19 2024,45.185,116
659,Apr 20 2024,45.129,119
660,Apr 21 2024,44.588,108
661,Apr 22 2024,44.185,81
662,Apr 23 2024,44.665,90
663,Apr 24 2024,44.752,92
664,Apr 25 2024,44.845,112
665,Apr 26 2024,44.298,111
666,Apr 27 2024,44.465,104
667,Apr 28 2024,44.12,103
668,Apr 29 2024,44.439,93
669,Apr 30 2024,45.213,107
670,May 01 2024,45.03,120
671,May 02 2024,45.03,98
672,May 03 2024,45.025,86
673,May 04 2024,44.349,93
674,May 05 2024,44.878,86
675,May 06 2024,45.742,95
676,May 07 2024,46.003,87
677,May 08 2024,45.889,105
678,May 09 2024,45.888,95
679,May 10 2024,46.076,89
680,May 11 2024,45.229,89
681,May 12 2024,45.209,83
682,May 13 2024,45.956,73
683,May 14 2024,45.885,80
684,May 15 2024,45.488,88
685,May 16 2024,45.464,79
686,May 17 2024,45.405,86
687,May 18 2024,43.605,93
688,May 19 2024,43.212,87
689,May 20 2024,43.091,75
690,May 21 2024,42.889,80
691,May 22 2024,42.425,94
692,May 23 2024,41.343,86
693,May 24 2024,41.074,112
694,May 25 2024,41.306,99
695,May 26 2024,42.36,91
696,May 27 2024,43.105,80
697,May 28 2024,42.746,84
698,May 29 2024,42.041,80
699,May 30 2024,41.383,82
700,May 31 2024,42.285,72
701,Jun 01 2024,42.195,93
702,Jun 02 2024,42.597,90
703,Jun 03 2024,42.818,80
704,Jun 04 2024,42.254,112
705,Jun 05 2024,42.475,116
706,Jun 06 2024,41.746,105
707,Jun 07 2024,41.253,98
708,Jun 08 2024,39.972,195
709,Jun 09 2024,39.592,140
710,Jun 10 2024,40.081,140
711,Jun 11 2024,40.96,105
712,Jun 12 2024,41.174,114
713,Jun 13 2024,40.006,98
714,Jun 14 2024,39.944,102
715,Jun 15 2024,39.901,112
716,Jun 16 2024,40.126,116
717,Jun 17 2024,39.66,99
718,Jun 18 2024,39.237,99
719,Jun 19 2024,38.443,121
720,Jun 20 2024,37.292,93
721,Jun 21 2024,37.287,111
722,Jun 22 2024,37.244,109
723,Jun 23 2024,37.505,100
724,Jun 24 2024,37.266,116
725,Jun 25 2024,37.347,79
726,Jun 26 2024,37.944,92
727,Jun 27 2024,38.219,132
728,Jun 28 2024,37.387,158
729,Jun 29 2024,37.407,130
730,Jun 30 2024,37.713,139
731,Jul 01 2024,37.417,107
732,Jul 02 2024,37.648,122
733,Jul 03 2024,37.868,119
734,Jul 04 2024,37.728,116
735,Jul 05 2024,36.918,112
736,Jul 06 2024,36.94,95
737,Jul 07 2024,36.886,109
738,Jul 08 2024,36.88,98
739,Jul 09 2024,36.617,105
740,Jul 10 2024,35.635,145
741,Jul 11 2024,34.666,124
742,Jul 12 2024,35.427,88
743,Jul 13 2024,36.491,101
744,Jul 14 2024,36.689,86
745,Jul 15 2024,37.208,73
746,Jul 16 2024,37.159,88
747,Jul 17 2024,37.976,93
748,Jul 18 2024,38.7,103
749,Jul 19 2024,38.614,92
750,Jul 20 2024,38.608,101
751,Jul 21 2024,38.511,71
752,Jul 22 2024,38.339,65
753,Jul 23 2024,38.392,83
754,Jul 24 2024,38.427,83
755,Jul 25 2024,38.419,96
756,Jul 26 2024,38.348,92
757,Jul 27 2024,39.048,94
758,Jul 28 2024,39.427,103
759,Jul 29 2024,38.784,96
760,Jul 30 2024,38.852,74
761,Jul 31 2024,38.803,102
762,Aug 01 2024,39.069,104
763,Aug 02 2024,39.255,100
764,Aug 03 2024,39.737,100
765,Aug 04 2024,39.579,89
766,Aug 05 2024,40.044,89
767,Aug 06 2024,39.395,87
768,Aug 07 2024,38.984,107
769,Aug 08 2024,38.904,110
770,Aug 09 2024,39.221,105
771,Aug 10 2024,39.703,142
772,Aug 11 2024,39.982,114
773,Aug 12 2024,40.438,124
774,Aug 13 2024,40.149,137
775,Aug 14 2024,40.09,139
776,Aug 15 2024,40.093,161
777,Aug 16 2024,39.542,147
778,Aug 17 2024,39.001,188
779,Aug 18 2024,38.258,221
780,Aug 19 2024,37.09,230
781,Aug 20 2024,36.482,254
782,Aug 21 2024,36.315,197
783,Aug 22 2024,35.734,117
784,Aug 23 2024,35.101,114
785,Aug 24 2024,35.588,111
786,Aug 25 2024,35.577,98
787,Aug 26 2024,36.335,97
788,Aug 27 2024,37.99,108
789,Aug 28 2024,37.925,113
790,Aug 29 2024,38.67,104
791,Aug 30 2024,38.933,105
792,Aug 31 2024,39.067,104
793,Sep 01 2024,39.358,108
794,Sep 02 2024,39.194,104
795,Sep 03 2024,40.128,85
796,Sep 04 2024,40.445,119
797,Sep 05 2024,40.257,130
798,Sep 06 2024,40.021,105
799,Sep 07 2024,40.456,92
800,Sep 08 2024,40.637,100
801,Sep 09 2024,40.771,86
802,Sep 10 2024,39.931,70
803,Sep 11 2024,40.537,102
804,Sep 12 2024,41.116,78
805,Sep 13 2024,40.33,97
806,Sep 14 2024,41.417,108
807,Sep 15 2024,40.788,105
808,Sep 16 2024,41.202,96
809,Sep 17 2024,40.551,90
810,Sep 18 2024,41.536,88
811,Sep 19 2024,40.999,89
812,Sep 20 2024,40.628,101
813,Sep 21 2024,41.04,101
814,Sep 22 2024,40.814,127
815,Sep 23 2024,40.697,94
816,Sep 24 2024,40.422,67
817,Sep 25 2024,40.65,103
818,Sep 26 2024,40.595,96
819,Sep 27 2024,40.829,101
820,Sep 28 2024,40.588,92
821,Sep 29 2024,40.907,104
822,Sep 30 2024,40.892,109
823,Oct 01 2024,42.278,87
824,Oct 02 2024,42.278,115
825,Oct 03 2024,39.161,535
826,Oct 04 2024,38.976,191
827,Oct 05 2024,39.641,117
828,Oct 06 2024,40.453,105
829,Oct 07 2024,40.392,101
830,Oct 08 2024,40.971,80
831,Oct 09 2024,41.204,96
832,Oct 10 2024,41.219,96
833,Oct 11 2024,40.491,107
834,Oct 12 2024,40.969,120
835,Oct 13 2024,40.776,103
836,Oct 14 2024,41.161,83
837,Oct 15 2024,40.611,81
838,Oct 16 2024,40.896,85
839,Oct 17 2024,41.178,96
840,Oct 18 2024,40.909,82
841,Oct 19 2024,41.539,95
842,Oct 20 2024,41.505,83
843,Oct 21 2024,41.014,81
844,Oct 22 2024,41.333,80
845,Oct 23 2024,40.784,62
846,Oct 24 2024,40.599,94
847,Oct 25 2024,40.536,88
848,Oct 26 2024,40.638,81
849,Oct 27 2024,40.181,87
850,Oct 28 2024,40.248,85
851,Oct 29 2024,40.422,94
852,Oct 30 2024,40.284,79
853,Oct 31 2024,40.505,77
854,Nov 01 2024,40.637,81
855,Nov 02 2024,41.08,86
856,Nov 03 2024,41.24,89
857,Nov 04 2024,41.798,76
858,Nov 05 2024,42.162,79
859,Nov 06 2024,42.662,98
860,Nov 07 2024,41.84,75
861,Nov 08 2024,41.797,77
862,Nov 09 2024,41.405,83
863,Nov 10 2024,40.983,86
864,Nov 11 2024,41.785,81
865,Nov 12 2024,41.838,60
866,Nov 13 2024,41.876,63
867,Nov 14 2024,41.433,77
868,Nov 15 2024,41.361,88
869,Nov 16 2024,41.752,102
870,Nov 17 2024,42.138,85
871,Nov 18 2024,42.249,76
872,Nov 19 2024,42.017,45
873,Nov 20 2024,42.557,76
874,Nov 21 2024,42.363,54
875,Nov 22 2024,42.099,81
876,Nov 23 2024,42.142,90
877,Nov 24 2024,41.607,75
878,Nov 25 2024,41.242,67
879,Nov 26 2024,41.589,88
880,Nov 27 2024,40.838,87
881,Nov 28 2024,39.536,174
882,Nov 29 2024,39.738,128
883,Nov 30 2024,40.315,105
884,Dec 01 2024,40.693,109
885,Dec 02 2024,40.934,87
886,Dec 03 2024,41.343,78
887,Dec 04 2024,41.087,74
888,Dec 05 2024,41.878,59
889,Dec 06 2024,42.025,92
890,Dec 07 2024,41.908,87
891,Dec 08 2024,41.626,80
892,Dec 09 2024,41.704,78
893,Dec 10 2024,42.401,62
894,Dec 11 2024,41.323,73
895,Dec 12 2024,41.415,71
896,Dec 13 2024,41.475,94
897,Dec 14 2024,41.835,82
898,Dec 15 2024,41.329,115
899,Dec 16 2024,41.96,75
900,Dec 17 2024,41.413,72
901,Dec 18 2024,40.583,73
902,Dec 19 2024,40.709,87
903,Dec 20 2024,40.295,97
904,Dec 21 2024,39.999,101
905,Dec 22 2024,39.767,90
906,Dec 23 2024,40.288,93
907,Dec 24 2024,40.486,88
908,Dec 25 2024,41.704,92
909,Dec 26 2024,40.697,84
910,Dec 27 2024,40.406,96
911,Dec 28 2024,40.371,97
912,Dec 29 2024,40.957,82
913,Dec 30 2024,41.057,79
914,Dec 31 2024,40.253,64
915,Jan 01 2025,40.308,85
916,Jan 02 2025,40.075,86
917,Jan 03 2025,40.815,77
918,Jan 04 2025,40.489,61
919,Jan 05 2025,41.458,81
920,Jan 06 2025,41.26,71
921,Jan 07 2025,40.825,71
922,Jan 08 2025,40.775,82
923,Jan 09 2025,41.513,94
924,Jan 10 2025,41.327,79
925,Jan 11 2025,40.454,84
926,Jan 12 2025,40.398,82
927,Jan 13 2025,40.781,70
928,Jan 14 2025,40.381,79
929,Jan 15 2025,40.535,102
930,Jan 16 2025,40.163,69
931,Jan 17 2025,39.326,99
932,Jan 18 2025,40.846,99
933,Jan 19 2025,40.015,72
934,Jan 20 2025,39.096,92
935,Jan 21 2025,39.681,83
936,Jan 22 2025,39.975,70
937,Jan 23 2025,41.159,70
938,Jan 24 2025,40.16,88
939,Jan 25 2025,40.642,91
940,Jan 26 2025,40.422,100
941,Jan 27 2025,41.217,78
942,Jan 28 2025,42.431,52
943,Jan 29 2025,43.401,64
944,Jan 30 2025,44.048,57
945,Jan 31 2025,44.147,67
946,Feb 01 2025,41.85,152
947,Feb 02 2025,42.343,116
948,Feb 03 2025,42.416,91
949,Feb 04 2025,42.648,81
950,Feb 05 2025,42.561,96
951,Feb 06 2025,43.237,89
952,Feb 07 2025,42.436,95
953,Feb 08 2025,42.991,95
954,Feb 09 2025,43.253,101
955,Feb 10 2025,43.166,90
956,Feb 11 2025,43.056,91
957,Feb 12 2025,42.882,86
958,Feb 13 2025,43.056,91
959,Feb 14 2025,43.33,76
960,Feb 15 2025,44.051,91
961,Feb 16 2025,44.13,92
962,Feb 17 2025,43.491,93
963,Feb 18 2025,44.824,73
964,Feb 19 2025,46.113,75
965,Feb 20 2025,44.587,87
966,Feb 21 2025,43.776,77
967,Feb 22 2025,44.031,84
968,Feb 23 2025,43.207,104
969,Feb 24 2025,43.293,85
970,Feb 25 2025,43.416,87
971,Feb 26 2025,44.15,84
972,Feb 27 2025,43.686,85
973,Feb 28 2025,43.412,99
974,Mar 01 2025,43.642,121
975,Mar 02 2025,44.275,100
976,Mar 03 2025,44.377,76
977,Mar 04 2025,45.395,81
978,Mar 05 2025,44.529,96
979,Mar 06 2025,45.318,109
980,Mar 07 2025,45.645,97
981,Mar 08 2025,45.1,100
982,Mar 09 2025,44.705,104
983,Mar 10 2025,45.215,78
984,Mar 11 2025,45.759,70
985,Mar 12 2025,45.35,73
986,Mar 13 2025,44.28,92
987,Mar 14 2025,44.307,100
988,Mar 15 2025,44.68,113
989,Mar 16 2025,43.759,105
990,Mar 17 2025,43.876,99
991,Mar 18 2025,44.625,91
992,Mar 19 2025,43.585,86
993,Mar 20 2025,42.493,80
994,Mar 21 2025,43.031,94
995,Mar 22 2025,43.244,96
996,Mar 23 2025,43.684,99
997,Mar 24 2025,43.859,70
998,Mar 25 2025,44.398,61
999,Mar 26 2025,44.564,76
1000,Mar 27 2025,43.686,79
1001,Mar 28 2025,43.914,94
1002,Mar 29 2025,43.898,107
1003,Mar 30 2025,44.536,84
1004,Mar 31 2025,44.179,99
1005,Apr 01 2025,42.692,224
1006,Apr 02 2025,42.679,142
1007,Apr 03 2025,43.694,132
1008,Apr 04 2025,44.121,98
1009,Apr 05 2025,43.786,144
1010,Apr 06 2025,44.067,122
1011,Apr 07 2025,43.941,84
1012,Apr 08 2025,43.386,102
1013,Apr 09 2025,43.566,108
1014,Apr 10 2025,44.572,110
1015,Apr 11 2025,45.237,123
1016,Apr 12 2025,45.162,113
1017,Apr 13 2025,44.958,122
1018,Apr 14 2025,45.31,125
1019,Apr 15 2025,46.068,105
1020,Apr 16 2025,45.396,98
1021,Apr 17 2025,46.015,89
1022,Apr 18 2025,46.243,96
1023,Apr 19 2025,46.027,107
1024,Apr 20 2025,45.615,107
1025,Apr 21 2025,45.049,84
1026,Apr 22 2025,44.714,79
1027,Apr 23 2025,44.379,115
1028,Apr 24 2025,43.489,94
1029,Apr 25 2025,43.821,103
1030,Apr 26 2025,45.075,101
1031,Apr 27 2025,45.026,116
1032,Apr 28 2025,43.805,92
1033,Apr 29 2025,43.159,72
1034,Apr 30 2025,44.69,88
1035,May 01 2025,44.827,96
1036,May 02 2025,44.851,78
1037,May 03 2025,45.215,100
1038,May 04 2025,44.181,78
1039,May 04 2025,43.8,6
1040,May 04 2025,44.747,6
1041,May 04 2025,45.307,4
1042,May 04 2025,44.05,4
1043,May 04 2025,44.129,5
1044,May 04 2025,42.625,4
1045,May 04 2025,44.195,4
1046,May 05 2025,43.85,5
1047,May 05 2025,43.46,2
1048,May 05 2025,44.1,2
1049,May 05 2025,44.52,1
1050,May 05 2025,43.9,1
1051,May 05 2025,43.1,3
1052,May 05 2025,44.06,3
1053,May 05 2025,44.715,8
1054,May 05 2025,43.88,3
1055,May 05 2025,43.899,6
1056,May 05 2025,43.7,5
1057,May 05 2025,47.089,5
1058,May 05 2025,44.34,8
1059,May 05 2025,43.7,3
1060,May 05 2025,45.087,3
1061,May 05 2025,43.925,6
1062,May 05 2025,44.206,9
1063,May 05 2025,47.21,5
1064,May 05 2025,44.07,1
1065,May 05 2025,46.764,5
1066,May 05 2025,48.31,1
1067,May 06 2025,44.992,2
1068,May 06 2025,44.87,3
1069,May 06 2025,45.79,5
1070,May 06 2025,43.7,3
1071,May 06 2025,44.239,5
1072,May 06 2025,44.95,2
1073,May 06 2025,46.55,1
1074,May 06 2025,45.851,10
1075,May 06 2025,44.239,5
1076,May 06 2025,46.39,1
1077,May 06 2025,45.455,4
1078,May 06 2025,43.9,1
1079,May 06 2025,44.77,7
1080,May 06 2025,44.77,5
1081,May 06 2025,45.964,7
1082,May 06 2025,44.48,4
1083,May 06 2025,43.96,11
1084,May 06 2025,43.9,4
1085,May 06 2025,44.85,5
1086,May 06 2025,44.87,5
1087,May 06 2025,44.723,4
1088,May 06 2025,44.999,5
1089,May 07 2025,45.0,3
1090,May 07 2025,44.883,3
1091,May 07 2025,43.87,1
1092,May 07 2025,45.012,1
1093,May 07 2025,44.02,1
1094,May 07 2025,44.753,2
1095,May 07 2025,44.09,6
1096,May 07 2025,44.5,3
1097,May 07 2025,44.89,5
1098,May 07 2025,44.525,3
1099,May 07 2025,44.217,5
1100,May 07 2025,44.678,4
1101,May 07 2025,44.315,6
1102,May 07 2025,44.681,5
1103,May 07 2025,44.695,6
1104,May 07 2025,44.761,5
1105,May 07 2025,44.593,2
1106,May 07 2025,44.63,2
1107,May 07 2025,40.206,1
1108,May 07 2025,44.863,7
1109,May 07 2025,45.32,4
1110,May 07 2025,44.787,2
1111,May 08 2025,44.42,1
1112,May 08 2025,42.867,4
1113,May 08 2025,45.005,2
1114,May 08 2025,43.995,4
1115,May 08 2025,44.25,3
1116,May 08 2025,46.19,1
1117,May 08 2025,45.11,1
1118,May 08 2025,44.041,2
1119,May 08 2025,44.347,4
1120,May 08 2025,44.3,1
1121,May 08 2025,42.41,4
1122,May 08 2025,44.848,2
1123,May 08 2025,44.655,6
1124,May 08 2025,44.31,3
1125,May 08 2025,46.453,3
1126,May 08 2025,44.634,4
1127,May 08 2025,44.991,1
1128,May 08 2025,44.78,7
1129,May 08 2025,45.104,7
1130,May 08 2025,44.884,6
1131,May 08 2025,45.645,4
1132,May 08 2025,45.45,5
1133,May 08 2025,46.203,6
1134,May 08 2025,46.35,3
1135,May 09 2025,48.481,1
1136,May 09 2025,44.39,3
1137,May 09 2025,45.163,4
1138,May 09 2025,45.691,1
1139,May 09 2025,47.44,1
1140,May 09 2025,47.64,2
1141,May 09 2025,46.115,2
1142,May 09 2025,47.27,3
1143,May 09 2025,44.967,4
1144,May 09 2025,45.757,3
1145,May 09 2025,45.528,4
1146,May 09 2025,45.561,5
1147,May 09 2025,47.142,3
1148,May 09 2025,47.207,4
1149,May 09 2025,46.423,2
1150,May 09 2025,45.412,9
1151,May 09 2025,45.111,6
1152,May 09 2025,45.349,10
1153,May 09 2025,46.435,1
1154,May 09 2025,45.223,3
1155,May 09 2025,44.832,3
1156,May 09 2025,48.256,2
1157,May 09 2025,44.58,4
1158,May 10 2025,45.693,6
1159,May 10 2025,46.513,3
1160,May 10 2025,43.12,1
1161,May 10 2025,45.47,3
1162,May 10 2025,45.744,4
1163,May 10 2025,47.023,1
1164,May 10 2025,45.11,7
1165,May 10 2025,44.52,7
1166,May 10 2025,45.04,7
1167,May 10 2025,45.09,5
1168,May 10 2025,45.11,9
1169,May 10 2025,48.076,3
1170,May 10 2025,44.5,7
1171,May 10 2025,45.95,3
1172,May 10 2025,46.543,11
1173,May 10 2025,46.926,8
1174,May 10 2025,46.73,7
1175,May 10 2025,46.396,8
1176,May 10 2025,47.49,4
1177,May 10 2025,47.632,1
1178,May 10 2025,45.185,5
1179,May 10 2025,46.566,4
1180,May 11 2025,45.011,3
1181,May 11 2025,47.672,1
1182,May 11 2025,46.222,2
1183,May 11 2025,46.714,1
1184,May 11 2025,46.0,3
1185,May 11 2025,46.71,3
1186,May 11 2025,46.5,5
1187,May 11 2025,46.887,3
1188,May 11 2025,45.015,4
1189,May 11 2025,45.243,6
1190,May 11 2025,45.345,6
1191,May 11 2025,45.04,6
1192,May 11 2025,44.783,6
1193,May 11 2025,44.135,2
1194,May 11 2025,46.5,4
1195,May 11 2025,44.775,6
1196,May 11 2025,45.32,9
1197,May 11 2025,47.184,6
1198,May 11 2025,45.451,6
1199,May 11 2025,45.42,6
1200,May 11 2025,45.894,6
1201,May 11 2025,44.275,2
1202,May 12 2025,44.78,5
1203,May 12 2025,44.204,2
1204,May 12 2025,45.0,1
1205,May 12 2025,44.88,3
1206,May 12 2025,44.3,1
1207,May 12 2025,46.49,1
1208,May 12 2025,44.865,4
1209,May 12 2025,44.88,19
1210,May 12 2025,44.961,6
1211,May 12 2025,44.845,6
1212,May 12 2025,46.225,4
1213,May 12 2025,45.011,5
1214,May 12 2025,45.027,4
1215,May 12 2025,44.92,3
1216,May 12 2025,47.002,8
1217,May 12 2025,46.09,3
1218,May 12 2025,44.98,6
1219,May 12 2025,45.32,7
1220,May 12 2025,44.93,7
1221,May 12 2025,48.315,5
1222,May 12 2025,48.3,3
1223,May 12 2025,45.465,4
1224,May 13 2025,42.395,2
1225,May 13 2025,46.575,6
1226,May 13 2025,46.0,1
1227,May 13 2025,46.0,7
1228,May 13 2025,45.0,2
1229,May 13 2025,46.297,6
1230,May 13 2025,45.999,1
1231,May 13 2025,45.03,3
1232,May 13 2025,46.7,5
1233,May 13 2025,45.05,4
1234,May 13 2025,43.752,2
1235,May 13 2025,45.677,3
1236,May 13 2025,45.025,8
1237,May 13 2025,45.6,5
1238,May 13 2025,46.427,6
1239,May 13 2025,46.481,6
1240,May 13 2025,46.475,4
1241,May 13 2025,46.819,5
1242,May 13 2025,46.0,5
1243,May 13 2025,45.02,6
1244,May 13 2025,46.131,3
1245,May 13 2025,46.375,4
1246,May 13 2025,45.69,5
1247,May 14 2025,47.59,3
1248,May 14 2025,50.16,1
1249,May 14 2025,41.4,1
1250,May 14 2025,45.835,2
1251,May 14 2025,45.908,1
1252,May 14 2025,45.71,1
1253,May 14 2025,45.755,4
1254,May 14 2025,45.71,1
1255,May 14 2025,45.845,4
1256,May 14 2025,45.2,7
1257,May 14 2025,45.438,2
1258,May 14 2025,45.9,3
1259,May 14 2025,44.945,4
1260,May 14 2025,44.96,5
1261,May 14 2025,45.05,9
1262,May 14 2025,45.681,5
1263,May 14 2025,45.67,5
1264,May 14 2025,45.611,7
1265,May 14 2025,45.674,3
1266,May 14 2025,44.57,3
1267,May 14 2025,44.507,2
1268,May 14 2025,45.667,4
1269,May 14 2025,45.146,1
1270,May 14 2025,45.203,4
1271,May 15 2025,48.22,3
1272,May 15 2025,48.243,1
1273,May 15 2025,40.25,3
1274,May 15 2025,46.793,3
1275,May 15 2025,44.365,2
1276,May 15 2025,45.417,1
1277,May 15 2025,45.443,5
1278,May 15 2025,44.81,9
1279,May 15 2025,44.82,1
1280,May 15 2025,44.985,4
1281,May 15 2025,45.275,7
1282,May 15 2025,45.4,3
1283,May 15 2025,45.605,4
1284,May 15 2025,46.332,4
1285,May 15 2025,45.159,7
1286,May 15 2025,46.174,4
1287,May 15 2025,45.185,4
1288,May 15 2025,45.055,8
1289,May 15 2025,46.449,5
1290,May 15 2025,46.173,4
1291,May 15 2025,45.999,3
1292,May 15 2025,45.33,2
1293,May 16 2025,42.86,3
1294,May 16 2025,46.25,1
1295,May 16 2025,46.64,1
1296,May 16 2025,46.64,3
1297,May 16 2025,45.0,1
1298,May 16 2025,46.172,4
1299,May 16 2025,45.057,4
1300,May 16 2025,45.5,8
1301,May 16 2025,45.05,7
1302,May 16 2025,45.16,5
1303,May 16 2025,43.33,5
1304,May 16 2025,48.181,2
1305,May 16 2025,45.366,4
1306,May 16 2025,43.855,2
1307,May 16 2025,45.24,8
1308,May 16 2025,46.011,3
1309,May 16 2025,45.08,9
1310,May 16 2025,43.55,3
1311,May 16 2025,46.478,5
1312,May 16 2025,45.136,6
1313,May 16 2025,46.19,3
1314,May 16 2025,47.44,5
1315,May 16 2025,46.96,2
1316,May 17 2025,45.375,6
1317,May 17 2025,45.845,4
1318,May 17 2025,47.92,1
1319,May 17 2025,45.16,3
1320,May 17 2025,45.2,2
1321,May 17 2025,47.305,4
1322,May 17 2025,45.14,1
1323,May 17 2025,48.113,3
1324,May 17 2025,45.375,4
1325,May 17 2025,47.31,4
1326,May 17 2025,46.67,3
1327,May 17 2025,45.894,5
1328,May 17 2025,45.65,5
1329,May 17 2025,45.42,4
1330,May 17 2025,45.56,9
1331,May 17 2025,46.065,2
1332,May 17 2025,46.251,4
1333,May 17 2025,46.616,4
1334,May 17 2025,45.42,6
1335,May 17 2025,45.87,4
1336,May 17 2025,46.308,3
1337,May 17 2025,47.682,4
1338,May 17 2025,47.585,7
1339,May 17 2025,48.18,10
1340,May 18 2025,45.31,3
1341,May 18 2025,47.57,4
1342,May 18 2025,46.576,2
1343,May 18 2025,45.93,3
1344,May 18 2025,46.86,4
1345,May 18 2025,46.24,2
1346,May 18 2025,46.23,5
1347,May 18 2025,47.656,2
1348,May 18 2025,44.78,5
1349,May 18 2025,47.215,2
1350,May 18 2025,45.28,7
1351,May 18 2025,46.085,2
1352,May 18 2025,44.31,5
1353,May 18 2025,45.923,4
1354,May 18 2025,46.189,4
1355,May 18 2025,45.843,9
1356,May 18 2025,47.001,4
1357,May 18 2025,45.849,5
1358,May 18 2025,46.64,2
1359,May 18 2025,45.08,3
1360,May 18 2025,46.806,6
1361,May 18 2025,46.682,2
1362,May 18 2025,45.494,4
1363,May 18 2025,46.792,4
1364,May 19 2025,40.36,1
1365,May 19 2025,45.6,2
1366,May 19 2025,44.051,2
1367,May 19 2025,48.45,1
1368,May 19 2025,46.924,2
1369,May 19 2025,48.305,2
1370,May 19 2025,48.44,2
1371,May 19 2025,45.515,2
1372,May 19 2025,45.872,1
1373,May 19 2025,45.04,3
1374,May 19 2025,45.833,4
1375,May 19 2025,45.513,2
1376,May 19 2025,47.559,2
1377,May 19 2025,45.17,5
1378,May 19 2025,45.16,7
1379,May 19 2025,45.849,7
1380,May 19 2025,48.159,4
1381,May 19 2025,47.242,3
1382,May 19 2025,48.16,3
1383,May 19 2025,47.0,5
1384,May 19 2025,45.58,6
1385,May 19 2025,46.602,3
1386,May 19 2025,44.64,3
1387,May 20 2025,46.0,1
1388,May 20 2025,45.31,1
1389,May 20 2025,44.7,4
1390,May 20 2025,45.26,3
1391,May 20 2025,45.928,4
1392,May 20 2025,46.43,1
1393,May 20 2025,47.625,2
1394,May 20 2025,47.24,1
1395,May 20 2025,46.52,5
1396,May 20 2025,46.16,1
1397,May 20 2025,45.994,2
1398,May 20 2025,45.885,7
1399,May 20 2025,47.245,3
1400,May 20 2025,45.15,4
1401,May 20 2025,46.927,5
1402,May 20 2025,45.993,4
1403,May 20 2025,45.308,1
1404,May 20 2025,44.65,5
1405,May 20 2025,46.163,5
1406,May 20 2025,46.0,3
1407,May 20 2025,45.15,4
1408,May 20 2025,45.855,2
1409,May 20 2025,46.169,4
1410,May 20 2025,43.87,2
1411,May 21 2025,42.225,2
1412,May 21 2025,44.917,2
1413,May 21 2025,44.65,5
1414,May 21 2025,49.99,1
1415,May 21 2025,46.028,4
1416,May 21 2025,46.54,1
1417,May 21 2025,46.535,3
1418,May 21 2025,46.59,1
1419,May 21 2025,45.533,2
1420,May 21 2025,44.79,7
1421,May 21 2025,44.04,2
1422,May 21 2025,45.022,3
1423,May 21 2025,44.957,6
1424,May 21 2025,46.129,5
1425,May 21 2025,45.194,6
1426,May 21 2025,44.81,10
1427,May 21 2025,44.8,8
1428,May 21 2025,45.629,6
1429,May 21 2025,45.422,2
1430,May 21 2025,45.73,7
1431,May 21 2025,46.376,10
1432,May 21 2025,44.85,3
1433,May 21 2025,46.646,4
1434,May 21 2025,47.149,1
1435,May 22 2025,50.81,2
1436,May 22 2025,47.159,1
1437,May 22 2025,51.743,2
1438,May 22 2025,43.7,1
1439,May 22 2025,44.93,3
1440,May 22 2025,47.02,2
1441,May 22 2025,44.87,3
1442,May 22 2025,44.56,3
1443,May 22 2025,44.903,6
1444,May 22 2025,45.998,7
1445,May 22 2025,45.82,8
1446,May 22 2025,45.009,6
1447,May 22 2025,47.0,1
1448,May 22 2025,46.397,6
1449,May 22 2025,44.996,3
1450,May 22 2025,45.481,4
1451,May 22 2025,44.361,12
1452,May 22 2025,44.498,6
1453,May 22 2025,46.57,4
1454,May 22 2025,46.361,4
1455,May 22 2025,44.618,3
1456,May 23 2025,45.1,7
1457,May 23 2025,44.05,2
1458,May 23 2025,44.1,7
1459,May 23 2025,44.0,8
1460,May 23 2025,44.0,7
1461,May 23 2025,43.93,6
1462,May 23 2025,44.049,6
1463,May 23 2025,43.985,4
1464,May 23 2025,43.745,4
1465,May 23 2025,43.56,8
1466,May 23 2025,44.3,5
1467,May 23 2025,43.51,3
1468,May 23 2025,43.21,1
1469,May 23 2025,43.21,6
1470,May 23 2025,43.356,9
1471,May 23 2025,43.221,8
1472,May 23 2025,43.399,8
1473,May 23 2025,43.687,8
1474,May 23 2025,43.086,9
1475,May 23 2025,43.651,6
1476,May 23 2025,44.0,9
1477,May 23 2025,44.17,4
1478,May 23 2025,43.7,3
1479,May 23 2025,44.456,5
1480,May 24 2025,44.433,2
1481,May 24 2025,44.41,3
1482,May 24 2025,44.227,4
1483,May 24 2025,44.0,3
1484,May 24 2025,45.0,1
1485,May 24 2025,43.756,4
1486,May 24 2025,43.845,4
1487,May 24 2025,43.759,8
1488,May 24 2025,43.9,5
1489,May 24 2025,43.33,8
1490,May 24 2025,43.869,4
1491,May 24 2025,43.767,8
1492,May 24 2025,43.44,3
1493,May 24 2025,44.098,4
1494,May 24 2025,43.901,5
1495,May 24 2025,45.158,7
1496,May 24 2025,44.494,3
1497,May 24 2025,44.478,6
1498,May 24 2025,43.965,4
1499,May 24 2025,45.25,5
1500,May 24 2025,44.456,3
1501,May 24 2025,43.93,10
1502,May 24 2025,43.879,4
1503,May 25 2025,44.178,6
1504,May 25 2025,43.6,5
1505,May 25 2025,44.165,4
1506,May 25 2025,44.189,4
1507,May 25 2025,45.03,3
1508,May 25 2025,44.995,2
1509,May 25 2025,45.28,1
1510,May 25 2025,43.7,1
1511,May 25 2025,43.77,5
1512,May 25 2025,45.119,5
1513,May 25 2025,41.088,2
1514,May 25 2025,43.99,4
1515,May 25 2025,43.77,9
1516,May 25 2025,43.79,7
1517,May 25 2025,44.135,5
1518,May 25 2025,43.757,7
1519,May 25 2025,43.894,5
1520,May 25 2025,44.16,6
1521,May 25 2025,43.85,8
1522,May 25 2025,44.465,7
1523,May 25 2025,44.181,4
1524,May 25 2025,43.702,6
1525,May 25 2025,43.703,6
1526,May 25 2025,43.909,5
1527,May 26 2025,43.02,1
1528,May 26 2025,45.925,1
1529,May 26 2025,44.494,2
1530,May 26 2025,44.358,4
1531,May 26 2025,44.604,3
1532,May 26 2025,44.456,3
1533,May 26 2025,44.87,2
1534,May 26 2025,43.908,4
1535,May 26 2025,43.84,6
1536,May 26 2025,43.546,4
1537,May 26 2025,43.53,9
1538,May 26 2025,45.957,2
1539,May 26 2025,43.771,6
1540,May 26 2025,44.465,4
1541,May 26 2025,44.058,6
1542,May 26 2025,44.27,9
1543,May 26 2025,44.376,9
1544,May 26 2025,44.27,13
1545,May 26 2025,45.14,2
1546,May 26 2025,44.103,5
1547,May 26 2025,43.669,2
1548,May 26 2025,44.0,3
1549,May 26 2025,43.19,5
1550,May 27 2025,43.7,1
1551,May 27 2025,44.07,3
1552,May 27 2025,43.555,6
1553,May 27 2025,43.85,6
1554,May 27 2025,44.33,2
1555,May 27 2025,42.83,1
1556,May 27 2025,42.35,2
1557,May 27 2025,44.8,4
1558,May 27 2025,42.8,6
1559,May 27 2025,43.604,8
1560,May 27 2025,43.83,6
1561,May 27 2025,43.115,2
1562,May 27 2025,45.438,2
1563,May 27 2025,43.909,7
1564,May 27 2025,44.148,7
1565,May 27 2025,44.174,8
1566,May 27 2025,44.27,5
1567,May 27 2025,44.139,3
1568,May 27 2025,45.282,4
1569,May 27 2025,45.17,2
1570,May 27 2025,45.269,5
1571,May 27 2025,43.63,3
1572,May 27 2025,45.922,2
1573,May 27 2025,43.93,2
1574,May 28 2025,45.44,3
1575,May 28 2025,47.464,2
1576,May 28 2025,43.682,2
1577,May 28 2025,44.012,3
1578,May 28 2025,43.121,2
1579,May 28 2025,40.981,1
1580,May 28 2025,43.67,7
1581,May 28 2025,43.995,6
1582,May 28 2025,43.211,2
1583,May 28 2025,44.486,4
1584,May 28 2025,44.69,6
1585,May 28 2025,44.492,5
1586,May 28 2025,43.731,8
1587,May 28 2025,44.872,4
1588,May 28 2025,44.133,10
1589,May 28 2025,44.318,7
1590,May 28 2025,45.882,7
1591,May 28 2025,46.09,6
1592,May 28 2025,46.11,5
1593,May 28 2025,45.542,4
1594,May 28 2025,46.955,4
1595,May 28 2025,43.35,4
1596,May 29 2025,44.0,1
1597,May 29 2025,42.5,1
1598,May 29 2025,44.969,1
1599,May 29 2025,44.63,2
1600,May 29 2025,44.02,1
1601,May 29 2025,44.232,4
1602,May 29 2025,44.995,3
1603,May 29 2025,43.9,2
1604,May 29 2025,44.91,3
1605,May 29 2025,44.008,4
1606,May 29 2025,43.71,4
1607,May 29 2025,44.01,7
1608,May 29 2025,44.743,11
1609,May 29 2025,45.181,6
1610,May 29 2025,44.673,2
1611,May 29 2025,44.08,9
1612,May 29 2025,45.093,5
1613,May 29 2025,44.541,4
1614,May 29 2025,45.058,6
1615,May 29 2025,44.475,9
1616,May 29 2025,45.1,5
1617,May 29 2025,44.141,2
1618,May 29 2025,44.437,4
1619,May 30 2025,44.25,4
1620,May 30 2025,45.209,3
1621,May 30 2025,45.881,2
1622,May 30 2025,44.493,2
1623,May 30 2025,44.003,1
1624,May 30 2025,44.47,3
1625,May 30 2025,45.07,4
1626,May 30 2025,44.009,5
1627,May 30 2025,43.88,11
1628,May 30 2025,45.63,3
1629,May 30 2025,44.465,5
1630,May 30 2025,44.01,4
1631,May 30 2025,43.89,6
1632,May 30 2025,43.75,11
1633,May 30 2025,44.471,9
1634,May 30 2025,45.011,7
1635,May 30 2025,45.502,4
1636,May 30 2025,44.267,7
1637,May 30 2025,44.517,5
1638,May 30 2025,44.51,5
1639,May 30 2025,44.18,5
1640,May 30 2025,45.626,7
1641,May 30 2025,45.31,7
1642,May 31 2025,44.6,2
1643,May 31 2025,46.445,7
1644,May 31 2025,45.27,2
1645,May 31 2025,44.09,2
1646,May 31 2025,44.89,8
1647,May 31 2025,46.07,5
1648,May 31 2025,45.969,2
1649,May 31 2025,44.02,5
1650,May 31 2025,44.833,5
1651,May 31 2025,46.266,2
1652,May 31 2025,45.563,4
1653,May 31 2025,43.245,4
1654,May 31 2025,44.65,6
1655,May 31 2025,46.707,3
1656,May 31 2025,45.528,4
1657,May 31 2025,44.603,6
1658,May 31 2025,44.78,7
1659,May 31 2025,44.753,6
1660,May 31 2025,45.344,7
1661,May 31 2025,45.319,4
1662,May 31 2025,44.24,6
1663,May 31 2025,43.95,3
1664,May 31 2025,44.494,6
1665,Jun 01 2025,44.0,3
1666,Jun 01 2025,45.446,6
1667,Jun 01 2025,44.35,7
1668,Jun 01 2025,44.63,6
1669,Jun 01 2025,45.011,1
1670,Jun 01 2025,45.31,3
1671,Jun 01 2025,48.053,2
1672,Jun 01 2025,44.31,5
1673,Jun 01 2025,44.465,9
1674,Jun 01 2025,44.35,5
1675,Jun 01 2025,44.429,5
1676,Jun 01 2025,44.927,5
1677,Jun 01 2025,45.076,3
1678,Jun 01 2025,44.46,9
1679,Jun 01 2025,44.45,7
1680,Jun 01 2025,44.656,7
1681,Jun 01 2025,45.201,3
1682,Jun 01 2025,44.508,10
1683,Jun 01 2025,45.275,6
1684,Jun 01 2025,43.802,4
1685,Jun 01 2025,43.777,4
1686,Jun 01 2025,44.45,3
1687,Jun 01 2025,45.312,3
1688,Jun 02 2025,44.45,3
1689,Jun 02 2025,44.435,4
1690,Jun 02 2025,44.28,3
1691,Jun 02 2025,44.31,5
1692,Jun 02 2025,44.507,5
1693,Jun 02 2025,45.038,2
1694,Jun 02 2025,45.01,2
1695,Jun 02 2025,44.565,4
1696,Jun 02 2025,44.13,5
1697,Jun 02 2025,44.16,5
1698,Jun 02 2025,44.23,1
1699,Jun 02 2025,44.16,11
1700,Jun 02 2025,44.438,8
1701,Jun 02 2025,44.55,6
1702,Jun 02 2025,45.223,6
1703,Jun 02 2025,44.25,3
1704,Jun 02 2025,44.208,12
1705,Jun 02 2025,44.12,9
1706,Jun 02 2025,44.97,4
1707,Jun 02 2025,44.461,7
1708,Jun 02 2025,44.392,4
1709,Jun 02 2025,43.86,5
1710,Jun 02 2025,44.799,8
1711,Jun 02 2025,44.725,3
1712,Jun 03 2025,44.85,3
1713,Jun 03 2025,44.67,3
1714,Jun 03 2025,44.51,3
1715,Jun 03 2025,45.91,1
1716,Jun 03 2025,45.724,2
1717,Jun 03 2025,46.767,1
1718,Jun 03 2025,44.23,1
1719,Jun 03 2025,45.106,2
1720,Jun 03 2025,44.831,6
1721,Jun 03 2025,42.016,2
1722,Jun 03 2025,44.988,4
1723,Jun 03 2025,44.235,6
1724,Jun 03 2025,46.46,4
1725,Jun 03 2025,45.33,9
1726,Jun 03 2025,44.25,5
1727,Jun 03 2025,45.905,6
1728,Jun 03 2025,44.256,8
1729,Jun 03 2025,43.99,10
1730,Jun 03 2025,45.615,6
1731,Jun 03 2025,45.807,4
1732,Jun 03 2025,45.725,3
1733,Jun 03 2025,45.917,3
1734,Jun 03 2025,45.707,2
1735,Jun 04 2025,45.052,4
1736,Jun 04 2025,44.545,2
1737,Jun 04 2025,45.0,2
1738,Jun 04 2025,45.776,3
1739,Jun 04 2025,44.0,1
1740,Jun 04 2025,50.0,1
1741,Jun 04 2025,44.847,3
1742,Jun 04 2025,45.46,1
1743,Jun 04 2025,45.33,1
1744,Jun 04 2025,40.237,1
1745,Jun 04 2025,44.768,2
1746,Jun 04 2025,44.302,4
1747,Jun 04 2025,44.21,9
1748,Jun 04 2025,44.325,10
1749,Jun 04 2025,44.779,7
1750,Jun 04 2025,44.321,4
