excel_datetime,trade_offer_delta
10/6/2013,2807
10/7/2013,7609
10/8/2013,24985
10/9/2013,23362
10/10/2013,23893
10/11/2013,26202
10/12/2013,30197
10/13/2013,28486
10/14/2013,27035
10/15/2013,26588
10/16/2013,26726
10/17/2013,27004
10/18/2013,29674
10/19/2013,33326
10/20/2013,32304
10/21/2013,28374
10/22/2013,27691
10/23/2013,27787
10/24/2013,28323
10/25/2013,31694
10/26/2013,34929
10/27/2013,35037
10/28/2013,31523
10/29/2013,32204
10/30/2013,34609
10/31/2013,33518
11/1/2013,38460
11/2/2013,33707
11/3/2013,33440
11/4/2013,27690
11/5/2013,38737
11/6/2013,39413
11/7/2013,42854
11/8/2013,46332
11/9/2013,50019
11/10/2013,50223
11/11/2013,44531
11/12/2013,42288
11/13/2013,41901
11/14/2013,34869
11/15/2013,32612
11/16/2013,66634
11/17/2013,68745
11/18/2013,56946
11/19/2013,48617
11/20/2013,49525
11/21/2013,52099
11/22/2013,44474
11/23/2013,50286
11/24/2013,45215
11/25/2013,43397
11/26/2013,46445
11/27/2013,50244
11/28/2013,50299
11/29/2013,52749
11/30/2013,55980
12/1/2013,53947
12/2/2013,49120
12/3/2013,48477
12/4/2013,48574
12/5/2013,46401
12/6/2013,50218
12/7/2013,56779
12/8/2013,55860
12/9/2013,48825
12/10/2013,47081
12/11/2013,50383
12/12/2013,49778
12/13/2013,76174
12/14/2013,69126
12/15/2013,58478
12/16/2013,53295
12/17/2013,64608
12/18/2013,54374
12/19/2013,73958
12/20/2013,101085
12/21/2013,109677
12/22/2013,113111
12/23/2013,120710
12/24/2013,119404
12/25/2013,116520
12/26/2013,151250
12/27/2013,162227
12/28/2013,171254
12/29/2013,201899
12/30/2013,211400
12/31/2013,153870
1/1/2014,225524
1/2/2014,211223
1/3/2014,106938
1/4/2014,90213
1/5/2014,82307
1/6/2014,74295
1/7/2014,74345
1/8/2014,78456
1/9/2014,75372
1/10/2014,78953
1/11/2014,86062
1/12/2014,83146
1/13/2014,72540
1/14/2014,68379
1/15/2014,70375
1/16/2014,70193
1/17/2014,73296
1/18/2014,81833
1/19/2014,79166
1/20/2014,73082
1/21/2014,71715
1/22/2014,68675
1/23/2014,71983
1/24/2014,74922
1/25/2014,80219
1/26/2014,82095
1/27/2014,79439
1/28/2014,70531
1/29/2014,69859
1/30/2014,70007
1/31/2014,79569
2/1/2014,91483
2/2/2014,83030
2/3/2014,69050
2/4/2014,68388
2/5/2014,67190
2/6/2014,75055
2/7/2014,80903
2/8/2014,93524
2/9/2014,89840
2/10/2014,74999
2/11/2014,71840
2/12/2014,82626
2/13/2014,79095
2/14/2014,84039
2/15/2014,93644
2/16/2014,91139
2/17/2014,87055
2/18/2014,88737
2/19/2014,90934
2/20/2014,102591
2/21/2014,102984
2/22/2014,104545
2/23/2014,95286
2/24/2014,91844
2/25/2014,88958
2/26/2014,88670
2/27/2014,99553
2/28/2014,99227
3/1/2014,153192
3/2/2014,119722
3/3/2014,110660
3/4/2014,136766
3/5/2014,128441
3/6/2014,211357
3/7/2014,205888
3/8/2014,234488
3/9/2014,233021
3/10/2014,222322
3/11/2014,199201
3/12/2014,217030
3/13/2014,184150
3/14/2014,212796
3/15/2014,226637
3/16/2014,213375
3/17/2014,170142
3/18/2014,185139
3/19/2014,241061
3/20/2014,228583
3/21/2014,234014
3/22/2014,177237
3/23/2014,243249
3/24/2014,292290
3/25/2014,100409
3/26/2014,246710
3/27/2014,158403
3/28/2014,258980
3/29/2014,259956
3/30/2014,237299
3/31/2014,120137
4/1/2014,113737
4/2/2014,272937
4/3/2014,290072
4/4/2014,231915
4/5/2014,94336
4/6/2014,238966
4/7/2014,283007
4/8/2014,226303
4/9/2014,244627
4/10/2014,295466
4/11/2014,249273
4/12/2014,257764
4/13/2014,276801
4/14/2014,271760
4/15/2014,382473
4/16/2014,404768
4/17/2014,403894
4/18/2014,395087
4/19/2014,403318
4/20/2014,285786
4/21/2014,377571
4/22/2014,402458
4/23/2014,370153
4/24/2014,416632
4/25/2014,419114
4/26/2014,443434
4/27/2014,476391
4/28/2014,387134
4/29/2014,456946
4/30/2014,456499
5/1/2014,449234
5/2/2014,327728
5/3/2014,399589
5/4/2014,470549
5/5/2014,430281
5/6/2014,443589
5/7/2014,471815
5/8/2014,496087
5/9/2014,390355
5/10/2014,427954
5/11/2014,400817
5/12/2014,394369
5/13/2014,405650
5/14/2014,477204
5/15/2014,528778
5/16/2014,413276
5/17/2014,438509
5/18/2014,479159
5/19/2014,482637
5/20/2014,572886
5/21/2014,577443
5/22/2014,493043
5/23/2014,510684
5/24/2014,564803
5/25/2014,582856
5/26/2014,600707
5/27/2014,632803
5/28/2014,568509
5/29/2014,461002
5/30/2014,554594
5/31/2014,673341
6/1/2014,736869
6/2/2014,566132
6/3/2014,676214
6/4/2014,615666
6/5/2014,740015
6/6/2014,756082
6/7/2014,682452
6/8/2014,668510
6/9/2014,677962
6/10/2014,568955
6/11/2014,614058
6/12/2014,612719
6/13/2014,689253
6/14/2014,1053744
6/15/2014,1213300
6/16/2014,1205380
6/17/2014,835532
6/18/2014,786405
6/19/2014,906033
6/20/2014,299138
6/21/2014,1187422
6/22/2014,1169590
6/23/2014,1081078
6/24/2014,994741
6/25/2014,931815
6/26/2014,858732
6/27/2014,840877
6/28/2014,1114214
6/29/2014,1074448
6/30/2014,598597
7/1/2014,507067
7/2/2014,587762
7/3/2014,552966
7/4/2014,493444
7/5/2014,435175
7/6/2014,478935
7/7/2014,606089
7/8/2014,893278
7/9/2014,1124726
7/10/2014,1068966
7/11/2014,871703
7/12/2014,833199
7/13/2014,844294
7/14/2014,905853
7/15/2014,642107
7/16/2014,548732
7/17/2014,553583
7/18/2014,906781
7/19/2014,916513
7/20/2014,759379
7/21/2014,971929
7/22/2014,618553
7/23/2014,623524
7/24/2014,500054
7/25/2014,546641
7/26/2014,554571
7/27/2014,738375
7/28/2014,575737
7/29/2014,629104
7/30/2014,691501
7/31/2014,760043
8/1/2014,801504
8/2/2014,761996
8/3/2014,780431
8/4/2014,678349
8/5/2014,812029
8/6/2014,769776
8/7/2014,874904
8/8/2014,798721
8/9/2014,688311
8/10/2014,502112
8/11/2014,609024
8/12/2014,922185
8/13/2014,836586
8/14/2014,966785
8/15/2014,1035800
8/16/2014,1043075
8/17/2014,1057280
8/18/2014,866096
8/19/2014,955707
8/20/2014,1157915
8/21/2014,1111302
8/22/2014,1001187
8/23/2014,1092731
8/24/2014,1119827
8/25/2014,1080470
8/26/2014,1166873
8/27/2014,1079138
8/28/2014,988995
8/29/2014,1073335
8/30/2014,1165858
8/31/2014,1187784
9/1/2014,1049676
9/2/2014,1067711
9/3/2014,1059118
9/4/2014,1118599
9/5/2014,1080579
9/6/2014,1076230
9/7/2014,996013
9/8/2014,811869
9/9/2014,1031248
9/10/2014,1204202
9/11/2014,1125138
9/12/2014,1072559
9/13/2014,1049934
9/14/2014,1207943
9/15/2014,1136039
9/16/2014,986170
9/17/2014,1134996
9/18/2014,1003585
9/19/2014,1093957
9/20/2014,960379
9/21/2014,1201756
9/22/2014,1031447
9/23/2014,926584
9/24/2014,715446
9/25/2014,256098
9/26/2014,1093768
9/27/2014,1019854
9/28/2014,1098313
9/29/2014,1024891
9/30/2014,990265
10/1/2014,959014
10/2/2014,777975
10/3/2014,1432308
10/4/2014,1261871
10/5/2014,1227841
10/6/2014,1484933
10/7/2014,965127
10/8/2014,632629
10/9/2014,1060838
10/10/2014,1078266
10/11/2014,1196110
10/12/2014,1200665
10/13/2014,991572
10/14/2014,1073230
10/15/2014,1125742
10/16/2014,1121833
10/17/2014,1208174
10/18/2014,1308721
10/19/2014,1283005
10/20/2014,1181745
10/21/2014,1033582
10/22/2014,1022202
10/23/2014,1157660
10/24/2014,1284086
10/25/2014,1375135
10/26/2014,1211821
10/27/2014,1223545
10/28/2014,1035363
10/29/2014,1263225
10/30/2014,1443698
10/31/2014,1372472
11/1/2014,1427416
11/2/2014,1434511
11/3/2014,1259506
11/4/2014,1250118
11/5/2014,1232496
11/6/2014,1218743
11/7/2014,1199675
11/8/2014,1318451
11/9/2014,1233062
11/10/2014,1225965
11/11/2014,1246810
11/12/2014,1194472
11/13/2014,1130199
11/14/2014,1282911
11/15/2014,1402665
11/16/2014,1271027
11/17/2014,1227403
11/18/2014,1116133
11/19/2014,1095517
11/20/2014,1094820
11/21/2014,1070936
11/22/2014,1291847
11/23/2014,1238451
11/24/2014,972685
11/25/2014,969464
11/26/2014,969772
11/27/2014,1225291
11/28/2014,1202289
11/29/2014,1361637
11/30/2014,1072265
12/1/2014,958568
12/2/2014,905865
12/3/2014,984305
12/4/2014,1109862
12/5/2014,1075427
12/6/2014,1410042
12/7/2014,1384123
12/8/2014,1241907
12/9/2014,1316792
12/10/2014,1345048
12/11/2014,1427903
12/12/2014,1334361
12/13/2014,1541413
12/14/2014,1549158
12/15/2014,1389946
12/16/2014,1386739
12/17/2014,1413924
12/18/2014,1299010
12/19/2014,1287121
12/20/2014,1427915
12/21/2014,1467584
12/22/2014,1325644
12/23/2014,1269609
12/24/2014,1050714
12/25/2014,1089053
12/26/2014,1266237
12/27/2014,1163318
12/28/2014,1113881
12/29/2014,1137032
12/30/2014,1133435
12/31/2014,931294
1/1/2015,1010397
1/2/2015,1323860
1/3/2015,1330139
1/4/2015,1190193
1/5/2015,1222661
1/6/2015,1448693
1/7/2015,1241242
1/8/2015,1292161
1/9/2015,1470326
1/10/2015,1630845
1/11/2015,1380805
1/12/2015,1458452
1/13/2015,1299017
1/14/2015,1357611
1/15/2015,1346515
1/16/2015,1426697
1/17/2015,1379260
1/18/2015,1226498
1/19/2015,1335013
1/20/2015,1276265
1/21/2015,1256166
1/22/2015,1271455
1/23/2015,1358404
1/24/2015,1679346
1/25/2015,1526604
1/26/2015,1359978
1/27/2015,1443297
1/28/2015,881695
1/29/2015,1663856
1/30/2015,1770430
1/31/2015,1912103
2/1/2015,1676152
2/2/2015,1407769
2/3/2015,1336371
2/4/2015,1750223
2/5/2015,1813518
2/6/2015,1939646
2/7/2015,2082700
2/8/2015,1958389
2/9/2015,1670907
2/10/2015,1602188
2/11/2015,1634598
2/12/2015,1707542
2/13/2015,1682597
2/14/2015,1893203
2/15/2015,1829729
2/16/2015,1844757
2/17/2015,1669400
2/18/2015,1559572
2/19/2015,1554314
2/20/2015,1416951
2/21/2015,1313790
2/22/2015,1629694
2/23/2015,1493173
2/24/2015,1498757
2/25/2015,1573883
2/26/2015,1523728
2/27/2015,1441396
2/28/2015,1607192
3/1/2015,1688451
3/2/2015,1320309
3/3/2015,1469877
3/4/2015,1445497
3/5/2015,1448027
3/6/2015,1428710
3/7/2015,1590474
3/8/2015,1499920
3/9/2015,1462444
3/10/2015,1380712
3/11/2015,1241061
3/12/2015,1377379
3/13/2015,1586683
3/14/2015,1847380
3/15/2015,1706821
3/16/2015,1402516
3/17/2015,1376888
3/18/2015,1384862
3/19/2015,1351086
3/20/2015,1440868
3/21/2015,1725589
3/22/2015,1874144
3/23/2015,1637639
3/24/2015,1597033
3/25/2015,1643580
3/26/2015,1620145
3/27/2015,1687597
3/28/2015,1804913
3/29/2015,1863567
3/30/2015,1601799
3/31/2015,1721272
4/1/2015,1609677
4/2/2015,1737890
4/3/2015,1745250
4/4/2015,1934136
4/5/2015,1875249
4/6/2015,1883020
4/7/2015,1681239
4/8/2015,1753725
4/9/2015,1802496
4/10/2015,1791443
4/11/2015,1705441
4/12/2015,1782638
4/13/2015,1627699
4/14/2015,1386478
4/15/2015,1564599
4/16/2015,1589553
4/17/2015,1606135
4/18/2015,1830965
4/19/2015,1729984
4/20/2015,1385275
4/21/2015,1382164
4/22/2015,1403352
4/23/2015,1433475
4/24/2015,1475643
4/25/2015,1752587
4/26/2015,1550880
4/27/2015,1485737
4/28/2015,1461158
4/29/2015,1452325
4/30/2015,1525071
5/1/2015,1630686
5/2/2015,1442899
5/3/2015,1674987
5/4/2015,1624744
5/5/2015,1569505
5/6/2015,1662163
5/7/2015,1512863
5/8/2015,1570365
5/9/2015,1880980
5/10/2015,1814793
5/11/2015,1723430
5/12/2015,1535964
5/13/2015,1720729
5/14/2015,1702279
5/15/2015,1803616
5/16/2015,2085081
5/17/2015,1965096
5/18/2015,1633352
5/19/2015,1717038
5/20/2015,1569331
5/21/2015,1584012
5/22/2015,1546890
5/23/2015,2003755
5/24/2015,1916363
5/25/2015,1851352
5/26/2015,1807755
5/27/2015,1528722
5/28/2015,1638031
5/29/2015,1716569
5/30/2015,1868870
5/31/2015,1959877
6/1/2015,1783101
6/2/2015,1664933
6/3/2015,1682035
6/4/2015,1675910
6/5/2015,1816778
6/6/2015,1811427
6/7/2015,1950942
6/8/2015,1701969
6/9/2015,1508741
6/10/2015,1560857
6/11/2015,1437624
6/12/2015,1504636
6/13/2015,1754614
6/14/2015,1870955
6/15/2015,1671885
6/16/2015,1729388
6/17/2015,1677380
6/18/2015,1895203
6/19/2015,1789658
6/20/2015,1827384
6/21/2015,1929224
6/22/2015,1626341
6/23/2015,1517119
6/24/2015,1685562
6/25/2015,1616170
6/26/2015,1629985
6/27/2015,1704712
6/28/2015,1679322
6/29/2015,1776542
6/30/2015,1745582
7/1/2015,1723497
7/2/2015,1787368
7/3/2015,1730783
7/4/2015,1728348
7/5/2015,1782191
7/6/2015,1662526
7/7/2015,1702901
7/8/2015,1722306
7/9/2015,1818407
7/10/2015,1626340
7/11/2015,1890879
7/12/2015,1977689
7/13/2015,1877913
7/14/2015,1684351
7/15/2015,1815809
7/16/2015,1950439
7/17/2015,1717886
7/18/2015,1867718
7/19/2015,1923223
7/20/2015,2018986
7/21/2015,1887820
7/22/2015,1925811
7/23/2015,1867277
7/24/2015,1744735
7/25/2015,1927656
7/26/2015,1738929
7/27/2015,2101796
7/28/2015,2161069
7/29/2015,1880694
7/30/2015,1785564
7/31/2015,1916386
8/1/2015,1865564
8/2/2015,1925914
8/3/2015,1899775
8/4/2015,2192914
8/5/2015,2201019
8/6/2015,2242826
8/7/2015,2119259
8/8/2015,2151664
8/9/2015,2019422
8/10/2015,2011465
8/11/2015,1975181
8/12/2015,1992345
8/13/2015,1762966
8/14/2015,1902149
8/15/2015,1661519
8/16/2015,1707747
8/17/2015,1837049
8/18/2015,1722662
8/19/2015,1942266
8/20/2015,1786779
8/21/2015,1993360
8/22/2015,1929463
8/23/2015,1756676
8/24/2015,1986146
8/25/2015,1860943
8/26/2015,1936016
8/27/2015,2070431
8/28/2015,2111850
8/29/2015,2138361
8/30/2015,2217311
8/31/2015,2223713
9/1/2015,1935176
9/2/2015,1990268
9/3/2015,2091408
9/4/2015,2139987
9/5/2015,2554292
9/6/2015,2379440
9/7/2015,2035741
9/8/2015,2026090
9/9/2015,1897598
9/10/2015,2213264
9/11/2015,2314257
9/12/2015,2567032
9/13/2015,2429146
9/14/2015,2095287
9/15/2015,2081999
9/16/2015,2091469
9/17/2015,2025442
9/18/2015,2267210
9/19/2015,2497250
9/20/2015,2298591
9/21/2015,2114860
9/22/2015,2037160
9/23/2015,2111086
9/24/2015,2085113
9/25/2015,2153274
9/26/2015,2491829
9/27/2015,2413302
9/28/2015,2057682
9/29/2015,2072925
9/30/2015,2047841
10/1/2015,2011369
10/2/2015,2206703
10/3/2015,2529808
10/4/2015,2206510
10/5/2015,2047857
10/6/2015,1883989
10/7/2015,2062225
10/8/2015,2068758
10/9/2015,2274401
10/10/2015,2314867
10/11/2015,2396501
10/12/2015,1996696
10/13/2015,2042541
10/14/2015,2019730
10/15/2015,2104116
10/16/2015,1956236
10/17/2015,2475052
10/18/2015,2218591
10/19/2015,1876697
10/20/2015,1915651
10/21/2015,1999924
10/22/2015,1799801
10/23/2015,2382736
10/24/2015,2618853
10/25/2015,2525077
10/26/2015,2214108
10/27/2015,2208879
10/28/2015,2401955
10/29/2015,2290291
10/30/2015,2570952
10/31/2015,2705219
11/1/2015,2688121
11/2/2015,2214351
11/3/2015,2467742
11/4/2015,2501889
11/5/2015,2420555
11/6/2015,2659093
11/7/2015,3022799
11/8/2015,2885981
11/9/2015,2441806
11/10/2015,2462826
11/11/2015,2383568
11/12/2015,2373918
11/13/2015,2574657
11/14/2015,2859646
11/15/2015,2651421
11/16/2015,2403624
11/17/2015,2456865
11/18/2015,2394187
11/19/2015,2404637
11/20/2015,2716144
11/21/2015,3145342
11/22/2015,2721118
11/23/2015,2359289
11/24/2015,2422066
11/25/2015,2512835
11/26/2015,2194230
11/27/2015,2651745
11/28/2015,2846558
11/29/2015,2645876
11/30/2015,2297304
12/1/2015,2341378
12/2/2015,2327470
12/3/2015,2200765
12/4/2015,2455604
12/5/2015,2921464
12/6/2015,2763466
12/7/2015,2375489
12/8/2015,2051228
12/9/2015,1102973
12/16/2015,123963
12/17/2015,814477
12/18/2015,950289
12/19/2015,1180416
12/20/2015,1238601
12/21/2015,1158944
12/22/2015,1314304
12/23/2015,1291191
12/24/2015,1245626
12/25/2015,1137079
12/26/2015,1049989
12/27/2015,458417
12/28/2015,1525562
12/29/2015,1527529
12/30/2015,1441752
12/31/2015,1231413
1/1/2016,1383555
1/2/2016,1640885
1/3/2016,124199
1/4/2016,892944
1/5/2016,1513062
1/6/2016,1556891
1/7/2016,1530628
1/8/2016,1654072
1/9/2016,1721601
1/10/2016,1637889
1/11/2016,1506908
1/12/2016,1565552
1/13/2016,1676985
1/14/2016,1625345
1/15/2016,1686027
1/16/2016,2028567
1/17/2016,989382
1/18/2016,1706207
1/19/2016,1686549
1/20/2016,1617524
1/21/2016,1784081
1/22/2016,1902158
1/23/2016,2130581
1/24/2016,1947099
1/25/2016,1820453
1/26/2016,1799949
1/27/2016,1845992
1/28/2016,1862377
1/29/2016,2054216
1/30/2016,2172010
1/31/2016,2057920
2/1/2016,1916185
2/2/2016,1728918
2/3/2016,1829061
2/4/2016,1829778
2/5/2016,2081416
2/6/2016,2127924
2/7/2016,1978881
2/8/2016,1880111
2/9/2016,1881617
2/10/2016,1921070
2/11/2016,1825691
2/12/2016,1977242
2/13/2016,2046330
2/14/2016,2077283
2/15/2016,1986437
2/16/2016,1932181
2/17/2016,1779526
2/18/2016,1851360
2/19/2016,2161153
2/20/2016,2332442
2/21/2016,2254078
2/22/2016,2022913
2/23/2016,1931185
2/24/2016,1964157
2/25/2016,2119622
2/26/2016,2372205
2/27/2016,2536226
2/28/2016,1919603
2/29/2016,2021338
3/1/2016,2025012
3/2/2016,2106516
3/3/2016,2172683
3/4/2016,2291358
3/5/2016,2579877
3/6/2016,2381418
3/7/2016,1962317
3/8/2016,2053538
3/9/2016,2056616
3/10/2016,2040896
3/11/2016,2037129
3/12/2016,2486340
3/13/2016,2250846
3/14/2016,1986473
3/15/2016,2171130
3/16/2016,2161741
3/17/2016,2108263
3/18/2016,2318675
3/19/2016,2643069
3/20/2016,2618780
3/21/2016,2316865
3/22/2016,2101391
3/23/2016,2131492
3/24/2016,2316102
3/25/2016,2425241
3/26/2016,2552046
3/27/2016,2453132
3/28/2016,2481465
3/29/2016,2299532
3/30/2016,2444518
3/31/2016,2442673
4/1/2016,2586306
4/2/2016,2653380
4/3/2016,2490110
4/4/2016,2284498
4/5/2016,2227247
4/6/2016,2309385
4/7/2016,2374893
4/8/2016,2563685
4/9/2016,2866229
4/10/2016,2795717
4/11/2016,2488332
4/12/2016,2589024
4/13/2016,2511395
4/14/2016,2351607
4/15/2016,2556499
4/16/2016,2972315
4/17/2016,2565395
4/18/2016,2398316
4/19/2016,1964687
4/20/2016,1161028
4/21/2016,2568485
4/22/2016,2580803
4/23/2016,2840118
4/24/2016,2860930
4/25/2016,2517144
4/26/2016,2380384
4/27/2016,2492689
4/28/2016,2481427
4/29/2016,2775347
4/30/2016,2879596
5/1/2016,2547122
5/2/2016,2478834
5/3/2016,2443150
5/4/2016,2591558
5/5/2016,2539936
5/6/2016,2666885
5/7/2016,2749622
5/8/2016,2537387
5/9/2016,2315195
5/10/2016,2507758
5/11/2016,2502274
5/12/2016,2512354
5/13/2016,2543698
5/14/2016,2863475
5/15/2016,2860100
5/16/2016,2583106
5/17/2016,2307590
5/18/2016,2590151
5/19/2016,2470502
5/20/2016,2468154
5/21/2016,2737634
5/22/2016,2738900
5/23/2016,2472814
5/24/2016,2161775
5/25/2016,2523744
5/26/2016,2590609
5/27/2016,2465123
5/28/2016,2590415
5/29/2016,2668536
5/30/2016,2487818
5/31/2016,2476812
6/1/2016,2340822
6/2/2016,2550640
6/3/2016,2684835
6/4/2016,2702190
6/5/2016,2630734
6/6/2016,2480771
6/7/2016,2229235
6/8/2016,2597500
6/9/2016,2492349
6/10/2016,2618740
6/11/2016,2550863
6/12/2016,2511478
6/13/2016,2290950
6/14/2016,2263196
6/15/2016,2486888
6/16/2016,2384665
6/17/2016,2267936
6/18/2016,2554119
6/19/2016,2460681
6/20/2016,2389811
6/21/2016,2363383
6/22/2016,2428589
6/23/2016,2457827
6/24/2016,2590148
6/25/2016,2471727
6/26/2016,2374322
6/27/2016,2443738
6/28/2016,2438258
6/29/2016,2363083
6/30/2016,2326563
7/1/2016,2363280
7/2/2016,1985367
7/3/2016,2419821
7/4/2016,2295737
7/5/2016,2284662
7/6/2016,2476773
7/7/2016,2542759
7/8/2016,1949708
7/9/2016,2251150
7/10/2016,2252871
7/11/2016,2105685
7/12/2016,1911479
7/13/2016,2150314
7/14/2016,2220973
7/15/2016,1983108
7/16/2016,1960419
7/17/2016,1979629
7/18/2016,2069809
7/19/2016,1594638
7/20/2016,1740908
7/21/2016,2040834
7/22/2016,2056463
7/23/2016,1933599
7/24/2016,1866931
7/25/2016,1881666
7/26/2016,1877466
7/27/2016,1890368
7/28/2016,1987809
7/29/2016,1838051
7/30/2016,1837091
7/31/2016,1714289
8/1/2016,1690813
8/2/2016,1812987
8/3/2016,1721607
8/4/2016,1437903
8/5/2016,1262686
8/6/2016,1684637
8/7/2016,1668725
8/8/2016,1736267
8/9/2016,1651135
8/10/2016,1644940
8/11/2016,1501825
8/12/2016,1687751
8/13/2016,1388338
8/14/2016,1750641
8/15/2016,1849512
8/16/2016,1872353
8/17/2016,1836662
8/18/2016,1864560
8/19/2016,1823044
8/20/2016,1888665
8/21/2016,1989638
8/22/2016,2022501
8/23/2016,1793969
8/24/2016,1987576
8/25/2016,1908945
8/26/2016,2030299
8/27/2016,2031525
8/28/2016,1964178
8/29/2016,2039963
8/30/2016,1979704
8/31/2016,1973051
9/1/2016,1727938
9/2/2016,1786493
9/3/2016,2049737
9/4/2016,1946383
9/5/2016,1798461
9/6/2016,1567384
9/7/2016,1752325
9/8/2016,1849917
9/9/2016,1896007
9/10/2016,2259125
9/11/2016,2149857
9/12/2016,1851444
9/13/2016,1794600
9/14/2016,1500799
9/15/2016,1840990
9/16/2016,1830254
9/17/2016,2251364
9/18/2016,1971629
9/19/2016,1737980
9/20/2016,1737501
9/21/2016,1566560
9/22/2016,1805661
9/23/2016,2065944
9/24/2016,2198325
9/25/2016,1990765
9/26/2016,1867405
9/27/2016,1674384
9/28/2016,1752948
9/29/2016,1720443
9/30/2016,1956439
10/1/2016,1942991
10/2/2016,1864597
10/3/2016,906474
10/4/2016,1705758
10/5/2016,1930705
10/6/2016,1732827
10/7/2016,1914289
10/8/2016,2215304
10/9/2016,1614300
10/10/2016,1889707
10/11/2016,1641217
10/12/2016,1888424
10/13/2016,1359280
10/14/2016,2024543
10/15/2016,2302985
10/16/2016,2125815
10/17/2016,1875987
10/18/2016,1838675
10/19/2016,1865984
10/20/2016,1983180
10/21/2016,1986891
10/22/2016,2437679
10/23/2016,2283879
10/24/2016,1689161
10/25/2016,1876514
10/26/2016,2018522
10/27/2016,2078825
10/28/2016,2226211
10/29/2016,2433748
10/30/2016,2305335
10/31/2016,2191985
11/1/2016,2072199
11/2/2016,2069732
11/3/2016,1626567
11/4/2016,2079627
11/5/2016,2163045
11/6/2016,2219596
11/7/2016,1921420
11/8/2016,1754474
11/9/2016,1743941
11/10/2016,1991851
11/11/2016,2257407
11/12/2016,2651313
11/13/2016,2414333
11/14/2016,2149191
11/15/2016,1904374
11/16/2016,1957337
11/17/2016,1709072
11/18/2016,2240803
11/19/2016,2571936
11/20/2016,2390211
11/21/2016,1937301
11/22/2016,1908138
11/23/2016,342139
11/24/2016,1549955
11/25/2016,2175028
11/26/2016,2263237
11/27/2016,2090191
11/28/2016,1855790
11/29/2016,1792487
11/30/2016,1810552
12/1/2016,1811033
12/2/2016,1933309
12/3/2016,2282504
12/4/2016,2243213
12/5/2016,1948429
12/6/2016,2066834
12/7/2016,1628889
12/8/2016,1864574
12/9/2016,1955580
12/10/2016,2457204
12/11/2016,2540865
12/12/2016,2098214
12/13/2016,2006493
12/14/2016,1981181
12/15/2016,2062421
12/16/2016,1975540
12/17/2016,2256737
12/18/2016,1977192
12/19/2016,2026456
12/20/2016,1556520
12/21/2016,1796544
12/22/2016,2130568
12/23/2016,1868667
12/24/2016,2035631
12/25/2016,2100839
12/26/2016,2322367
12/27/2016,2405856
12/28/2016,2437947
12/29/2016,2458087
12/30/2016,2427749
12/31/2016,2270953
1/1/2017,2207670
1/2/2017,2241993
1/3/2017,2058679
1/4/2017,2169434
1/5/2017,1928256
1/6/2017,2056150
1/7/2017,2459623
1/8/2017,2337258
1/9/2017,2109897
1/10/2017,1956425
1/11/2017,1897551
1/12/2017,2089366
1/13/2017,2367259
1/14/2017,2533537
1/15/2017,2287186
1/16/2017,2066064
1/17/2017,1770945
1/18/2017,1972203
1/19/2017,2084707
1/20/2017,2212893
1/21/2017,2615538
1/22/2017,2390480
1/23/2017,2063563
1/24/2017,2194741
1/25/2017,2381477
1/26/2017,2158312
1/27/2017,1710933
1/28/2017,2475909
1/29/2017,1820218
1/30/2017,2354455
1/31/2017,2260149
2/1/2017,2091803
2/2/2017,2220968
2/3/2017,2297781
2/4/2017,2605073
2/5/2017,2590192
2/6/2017,2444923
2/7/2017,2488805
2/8/2017,2283290
2/9/2017,2306086
2/10/2017,2652169
2/11/2017,2319377
2/12/2017,2701360
2/13/2017,2499569
2/14/2017,1870888
2/15/2017,1978664
2/16/2017,2389105
2/17/2017,2661029
2/18/2017,2820594
2/19/2017,2715268
2/20/2017,2211619
2/21/2017,1959416
2/22/2017,588862
2/23/2017,2465371
2/24/2017,2755184
2/25/2017,2411986
2/26/2017,2510591
2/27/2017,2538218
2/28/2017,2541815
3/1/2017,2428438
3/2/2017,2541612
3/3/2017,2716250
3/4/2017,2941581
3/5/2017,2712480
3/6/2017,2354224
3/7/2017,2333509
3/8/2017,2554035
3/9/2017,2059688
3/10/2017,2470884
3/11/2017,2868751
3/12/2017,2716218
3/13/2017,1900891
3/14/2017,2437344
3/15/2017,2513393
3/16/2017,2526537
3/17/2017,2793976
3/18/2017,3221665
3/19/2017,2969087
3/20/2017,2384015
3/21/2017,2570266
3/22/2017,2618358
3/23/2017,2735483
3/24/2017,2650292
3/25/2017,3051515
3/26/2017,2969789
3/27/2017,2592359
3/28/2017,2600603
3/29/2017,2568670
3/30/2017,2620972
3/31/2017,2725012
4/1/2017,2983884
4/2/2017,2870334
4/3/2017,2576153
4/4/2017,2694903
4/5/2017,2684120
4/6/2017,2506458
4/7/2017,2768158
4/8/2017,2565998
4/9/2017,2866679
4/10/2017,2640595
4/11/2017,2274195
4/12/2017,2455211
4/13/2017,2658202
4/14/2017,2849725
4/15/2017,2924450
4/16/2017,2780401
4/17/2017,2901337
4/18/2017,2675194
4/19/2017,2372004
4/20/2017,2693328
4/21/2017,3081713
4/22/2017,3265582
4/23/2017,2391339
4/24/2017,2178107
4/25/2017,2936739
4/26/2017,1890543
4/27/2017,2594077
4/28/2017,2775911
4/29/2017,3058991
4/30/2017,2924607
5/1/2017,2704576
5/2/2017,2574697
5/3/2017,2365699
5/4/2017,2631448
5/5/2017,2679393
5/6/2017,2807964
5/7/2017,2927118
5/8/2017,2689443
5/9/2017,2359499
5/10/2017,2628725
5/11/2017,2701553
5/12/2017,2747486
5/13/2017,2597811
5/14/2017,2788707
5/15/2017,2491903
5/16/2017,2146383
5/17/2017,1074297
5/18/2017,2566042
5/19/2017,2355468
5/20/2017,2981046
5/21/2017,2852136
5/22/2017,2510629
5/23/2017,2237549
5/24/2017,2567121
5/25/2017,2876046
5/26/2017,2785067
5/27/2017,2826793
5/28/2017,2800147
5/29/2017,2373451
5/30/2017,2415100
5/31/2017,2789321
6/1/2017,2773658
6/2/2017,2876102
6/3/2017,3031872
6/4/2017,3011298
6/5/2017,2967229
6/6/2017,2676832
6/7/2017,2458301
6/8/2017,2798744
6/9/2017,2892327
6/10/2017,2956069
6/11/2017,3039051
6/12/2017,2839305
6/13/2017,2381680
6/14/2017,2643917
6/15/2017,2770493
6/16/2017,3054779
6/17/2017,2887563
6/18/2017,2620890
6/19/2017,2752148
6/20/2017,2597527
6/21/2017,2820045
6/22/2017,2816997
6/23/2017,3023668
6/24/2017,2874993
6/25/2017,2379871
6/26/2017,2948791
6/27/2017,3064055
6/28/2017,3013324
6/29/2017,2747604
6/30/2017,3089874
7/1/2017,3084066
7/2/2017,3168925
7/3/2017,3091916
7/4/2017,2962188
7/5/2017,2778656
7/6/2017,2852253
7/7/2017,2951914
7/8/2017,2779989
7/9/2017,2837014
7/10/2017,2835295
7/11/2017,2960519
7/12/2017,2958455
7/13/2017,3009762
7/14/2017,2585939
7/15/2017,2831034
7/16/2017,2980624
7/17/2017,2964182
7/18/2017,3056439
7/19/2017,3104030
7/20/2017,3002808
7/21/2017,3082565
7/22/2017,2859853
7/23/2017,3130513
7/24/2017,3019333
7/25/2017,2793596
7/26/2017,2722544
7/27/2017,2934570
7/28/2017,2854632
7/29/2017,2667505
7/30/2017,2869625
7/31/2017,3218968
8/1/2017,3209927
8/2/2017,3255473
8/3/2017,3205941
8/4/2017,3121292
8/5/2017,2841494
8/6/2017,2811686
8/7/2017,2967557
8/8/2017,2957889
8/9/2017,2973018
8/10/2017,3026939
8/11/2017,2881697
8/12/2017,2871061
8/13/2017,2998904
8/14/2017,3154470
8/15/2017,3141644
8/16/2017,3138812
8/17/2017,3245516
8/18/2017,3195416
8/19/2017,3144089
8/20/2017,3024876
8/21/2017,3157819
8/22/2017,2850047
8/23/2017,2681014
8/24/2017,3121103
8/25/2017,3159417
8/26/2017,2932732
8/27/2017,2831586
8/28/2017,3142867
8/29/2017,3016217
8/30/2017,3013446
8/31/2017,2512560
9/1/2017,3068968
9/2/2017,3028733
9/3/2017,2689423
9/4/2017,3000936
9/5/2017,2595965
9/6/2017,2890249
9/7/2017,2903950
9/8/2017,3063678
9/9/2017,3388899
9/10/2017,2911297
9/11/2017,2902537
9/12/2017,2763554
9/13/2017,2419876
9/14/2017,2902630
9/15/2017,3207277
9/16/2017,3349068
9/17/2017,3243913
9/18/2017,2726339
9/19/2017,2771230
9/20/2017,2705060
9/21/2017,2696518
9/22/2017,3043971
9/23/2017,3298925
9/24/2017,3186364
9/25/2017,2842843
9/26/2017,2749116
9/27/2017,2497596
9/28/2017,2794947
9/29/2017,3040145
9/30/2017,3255379
10/1/2017,3152020
10/2/2017,2766963
10/3/2017,2590586
10/4/2017,2824001
10/5/2017,2681964
10/6/2017,3010853
10/7/2017,3408353
10/8/2017,3085883
10/9/2017,2819311
10/10/2017,2864519
10/11/2017,2626726
10/12/2017,2810676
10/13/2017,3046153
10/14/2017,3306627
10/15/2017,3176968
10/16/2017,3008190
10/17/2017,2605851
10/18/2017,2486833
10/19/2017,2753670
10/20/2017,2085453
10/21/2017,3325101
10/22/2017,3194490
10/23/2017,2562550
10/24/2017,2664124
10/25/2017,2719938
10/26/2017,2819045
10/27/2017,2947108
10/28/2017,3318955
10/29/2017,3189702
10/30/2017,3057721
10/31/2017,2956977
11/1/2017,2960309
11/2/2017,3012017
11/3/2017,3077426
11/4/2017,3181615
11/5/2017,3089822
11/6/2017,2899655
11/7/2017,2804104
11/8/2017,2436532
11/9/2017,2758520
11/10/2017,3094952
11/11/2017,3279456
11/12/2017,2893083
11/13/2017,2507275
11/14/2017,2815579
11/15/2017,2624000
11/16/2017,2638637
11/17/2017,2882726
11/18/2017,3360467
11/19/2017,3083095
11/20/2017,2945933
11/21/2017,2684571
11/22/2017,2699512
11/23/2017,2600647
11/24/2017,2273193
11/25/2017,3031685
11/26/2017,2858915
11/27/2017,2682032
11/28/2017,2639570
11/29/2017,2508334
11/30/2017,2514316
12/1/2017,2878712
12/2/2017,3016248
12/3/2017,2827044
12/4/2017,2896973
12/5/2017,2842817
12/6/2017,2746730
12/7/2017,2266049
12/8/2017,2856153
12/9/2017,3125121
12/10/2017,2824169
12/11/2017,2645357
12/12/2017,2313908
12/13/2017,2580810
12/14/2017,2413623
12/15/2017,2722401
12/16/2017,2848450
12/17/2017,2774178
12/18/2017,2408366
12/19/2017,2573701
12/20/2017,2199699
12/21/2017,2950091
12/22/2017,3016378
12/23/2017,2852778
12/24/2017,2579212
12/25/2017,3111023
12/26/2017,3124133
12/27/2017,3153545
12/28/2017,3018287
12/29/2017,2520602
12/30/2017,3335822
12/31/2017,2972708
1/1/2018,3031513
1/2/2018,3200780
1/3/2018,3189432
1/4/2018,2581863
1/5/2018,3105833
1/6/2018,3115913
1/7/2018,3079245
1/8/2018,2507243
1/9/2018,2723250
1/10/2018,2765065
1/11/2018,3072489
1/12/2018,3000374
1/13/2018,2478332
1/14/2018,2784007
1/15/2018,3286727
1/16/2018,2701346
1/17/2018,3077314
1/18/2018,2834810
1/19/2018,3308244
1/20/2018,2834797
1/21/2018,3470394
1/22/2018,3258911
1/23/2018,3013973
1/24/2018,2841351
1/25/2018,2896719
1/26/2018,3463906
1/27/2018,3622136
1/28/2018,3401894
1/29/2018,3053233
1/30/2018,2938771
1/31/2018,2969095
2/1/2018,2857557
2/2/2018,3078899
2/3/2018,3054470
2/4/2018,3273125
2/5/2018,3134843
2/6/2018,3189178
2/7/2018,2729394
2/8/2018,3032323
2/9/2018,3393584
2/10/2018,3479457
2/11/2018,3273990
2/12/2018,3147679
2/13/2018,2502095
2/14/2018,2910574
2/15/2018,3031748
2/16/2018,3288154
2/17/2018,3387170
2/18/2018,3518860
2/19/2018,2906455
2/20/2018,2976195
2/21/2018,2393837
2/22/2018,3321557
2/23/2018,3708731
2/24/2018,3814758
2/25/2018,3302714
2/26/2018,3505136
2/27/2018,3450000
2/28/2018,3371926
3/1/2018,3216354
3/2/2018,3632091
3/3/2018,3717095
3/4/2018,3548395
3/5/2018,3302326
3/6/2018,3244002
3/7/2018,3498998
3/8/2018,2979774
3/9/2018,3487391
3/10/2018,3755557
3/11/2018,3236198
3/12/2018,2952429
3/13/2018,2696627
3/14/2018,2159885
3/15/2018,2500211
3/16/2018,3133054
3/17/2018,3591604
3/18/2018,3382404
3/19/2018,3085321
3/20/2018,3022340
3/21/2018,3008554
3/22/2018,2716307
3/23/2018,2550670
3/24/2018,3165455
3/25/2018,2930908
3/26/2018,2921178
3/27/2018,2549101
3/28/2018,3147267
3/29/2018,3049328
3/30/2018,1298787
3/31/2018,1430432
4/1/2018,1570651
4/2/2018,1662712
4/3/2018,1662799
4/4/2018,1603157
4/5/2018,1551470
4/6/2018,1380929
4/7/2018,1624749
4/8/2018,1538410
4/9/2018,1258119
4/10/2018,1440866
4/11/2018,1178284
4/12/2018,933117
4/13/2018,1272677
4/14/2018,1283899
4/15/2018,1244968
4/16/2018,1227024
4/17/2018,1367489
4/18/2018,1211855
4/19/2018,1276889
4/20/2018,1259856
4/21/2018,1293437
4/22/2018,1444360
4/23/2018,1292110
4/24/2018,1339707
4/25/2018,1489464
4/26/2018,938109
4/27/2018,1050895
4/28/2018,1312139
4/29/2018,1255709
4/30/2018,1349223
5/1/2018,1379892
5/2/2018,1099169
5/3/2018,640631
5/4/2018,770314
5/5/2018,886784
5/6/2018,856646
5/7/2018,707491
5/8/2018,796768
5/9/2018,837449
5/10/2018,786541
5/11/2018,825657
5/12/2018,914306
5/13/2018,785543
5/14/2018,704876
5/15/2018,576453
5/16/2018,635474
5/17/2018,606898
5/18/2018,967061
5/19/2018,954230
5/20/2018,800714
5/21/2018,671687
5/22/2018,638725
5/23/2018,699528
5/24/2018,600485
5/25/2018,826095
5/26/2018,841335
5/27/2018,824998
5/28/2018,540337
5/29/2018,694498
5/30/2018,573078
5/31/2018,601931
6/1/2018,815027
6/2/2018,877211
6/3/2018,834587
6/4/2018,739352
6/5/2018,454357
6/6/2018,799034
6/7/2018,603321
6/8/2018,543601
6/9/2018,914333
6/10/2018,623024
6/11/2018,786419
6/12/2018,820325
6/13/2018,826193
6/14/2018,812309
6/15/2018,802662
6/16/2018,913810
6/17/2018,786515
6/18/2018,830066
6/19/2018,899576
6/20/2018,714107
6/21/2018,528172
6/22/2018,1404531
6/23/2018,1299222
6/24/2018,1309094
6/25/2018,1238495
6/26/2018,1243151
6/27/2018,1101834
6/28/2018,1184977
6/29/2018,1256030
6/30/2018,1259107
7/1/2018,1306217
7/2/2018,1191810
7/3/2018,1192393
7/4/2018,1216944
7/5/2018,954209
7/6/2018,925641
7/7/2018,892976
7/8/2018,810874
7/9/2018,695415
7/11/2018,771026
7/12/2018,876356
7/13/2018,892196
7/14/2018,633499
7/15/2018,750744
7/16/2018,813960
7/17/2018,707247
7/18/2018,787100
7/19/2018,790034
7/20/2018,767148
7/21/2018,735908
7/22/2018,780226
7/23/2018,739150
7/24/2018,674353
7/25/2018,692420
7/26/2018,670149
7/27/2018,564694
7/28/2018,618505
7/29/2018,710588
7/30/2018,678111
7/31/2018,777579
8/1/2018,654776
8/2/2018,726188
8/3/2018,623704
8/4/2018,646288
8/5/2018,653853
8/6/2018,794492
8/7/2018,576387
8/8/2018,756901
8/9/2018,716081
8/10/2018,561365
8/11/2018,598365
8/12/2018,746160
8/13/2018,914952
8/14/2018,841939
8/15/2018,712469
8/16/2018,464777
8/17/2018,620965
8/18/2018,779090
8/19/2018,668428
8/20/2018,610003
8/21/2018,641731
8/22/2018,981644
8/23/2018,987150
8/24/2018,828758
8/25/2018,892098
8/26/2018,898063
8/27/2018,917754
8/28/2018,878370
8/29/2018,866196
8/30/2018,942161
8/31/2018,1023984
9/1/2018,1397954
9/2/2018,1155144
9/3/2018,1012800
9/4/2018,901021
9/5/2018,870322
9/6/2018,890700
9/7/2018,971243
9/8/2018,1030379
9/9/2018,1001130
9/10/2018,951028
9/11/2018,881950
9/12/2018,858153
9/13/2018,885333
9/14/2018,1003275
9/15/2018,1063908
9/16/2018,995813
9/17/2018,938706
9/18/2018,888386
9/19/2018,911839
9/20/2018,866051
9/21/2018,940164
9/22/2018,1018181
9/23/2018,981745
9/24/2018,1043809
9/25/2018,987825
9/26/2018,828889
9/27/2018,878553
9/28/2018,972582
9/29/2018,981502
9/30/2018,978217
10/1/2018,904411
10/2/2018,834260
10/3/2018,959048
10/4/2018,914607
10/5/2018,917070
10/6/2018,934714
10/7/2018,932401
10/8/2018,1038807
10/9/2018,1015120
10/10/2018,886197
10/11/2018,881151
10/12/2018,935872
10/13/2018,993731
10/14/2018,930214
10/15/2018,893122
10/16/2018,885015
10/17/2018,861902
10/18/2018,877662
10/19/2018,895208
10/20/2018,1015206
10/21/2018,959661
10/22/2018,914945
10/23/2018,881450
10/24/2018,851890
10/25/2018,820488
10/26/2018,1031599
10/27/2018,1094294
10/28/2018,1011420
10/29/2018,917414
10/30/2018,890297
10/31/2018,877764
11/1/2018,868226
11/2/2018,892974
11/3/2018,954763
11/4/2018,950130
11/5/2018,937338
11/6/2018,950073
11/7/2018,847465
11/8/2018,932880
11/9/2018,948844
11/10/2018,1014717
11/11/2018,937393
11/12/2018,903506
11/13/2018,807086
11/14/2018,854876
11/15/2018,863874
11/16/2018,982217
11/17/2018,1038087
11/18/2018,970032
11/19/2018,953862
11/20/2018,943848
11/21/2018,931070
11/22/2018,871021
11/23/2018,975238
11/24/2018,1015057
11/25/2018,973608
11/26/2018,905743
11/27/2018,889830
11/28/2018,875760
11/29/2018,837593
11/30/2018,580191
12/1/2018,970303
12/2/2018,960041
12/3/2018,880755
12/4/2018,880091
12/5/2018,880240
12/6/2018,1011451
12/7/2018,1101484
12/8/2018,1126558
12/9/2018,1037303
12/10/2018,949021
12/11/2018,920785
12/12/2018,910990
12/13/2018,961619
12/14/2018,1002063
12/15/2018,1064586
12/16/2018,1007485
12/17/2018,1096743
12/18/2018,1188034
12/19/2018,1272371
12/20/2018,1562241
12/21/2018,2028464
12/22/2018,1824270
12/23/2018,1803135
12/24/2018,1737203
12/25/2018,1716857
12/26/2018,1768287
12/27/2018,1764022
12/28/2018,1737343
12/29/2018,1725226
12/30/2018,1718718
12/31/2018,1594298
1/1/2019,1710132
1/2/2019,1736703
1/3/2019,1444060
1/4/2019,1263267
1/5/2019,1242184
1/6/2019,1150844
1/7/2019,1162404
1/8/2019,1106218
1/9/2019,1102489
1/10/2019,1093153
1/11/2019,1144139
1/12/2019,1387605
1/13/2019,1232787
1/14/2019,1153044
1/15/2019,1138196
1/16/2019,1219299
1/17/2019,1130286
1/18/2019,1089291
1/19/2019,1176729
1/20/2019,1159418
1/21/2019,1090267
1/22/2019,1051822
1/23/2019,1062710
1/24/2019,1068891
1/25/2019,1218409
1/26/2019,1264596
1/27/2019,1179651
1/28/2019,1089520
1/29/2019,1052487
1/30/2019,1056644
1/31/2019,1087856
2/1/2019,1332240
2/2/2019,1159693
2/3/2019,994130
2/4/2019,1236090
2/5/2019,1118491
2/6/2019,870538
2/7/2019,1118413
2/8/2019,1086404
2/9/2019,1125835
2/10/2019,1064064
2/11/2019,1038297
2/12/2019,1012731
2/13/2019,997366
2/14/2019,982311
2/15/2019,1053061
2/16/2019,1070402
2/17/2019,1035993
2/18/2019,990876
2/19/2019,933084
2/20/2019,953533
2/21/2019,974417
2/22/2019,1027967
2/23/2019,1122515
2/24/2019,1072002
2/25/2019,1011618
2/26/2019,946390
2/27/2019,984097
2/28/2019,975964
3/1/2019,1058336
3/2/2019,1087974
3/3/2019,1094091
3/4/2019,992381
3/5/2019,948695
3/6/2019,987493
3/7/2019,996388
3/8/2019,1070918
3/9/2019,1133502
3/10/2019,1069298
3/11/2019,1043894
3/12/2019,1010415
3/13/2019,1023608
3/14/2019,1076117
3/15/2019,1157159
3/16/2019,1298920
3/17/2019,1177039
3/18/2019,1140529
3/19/2019,1242210
3/20/2019,1091797
3/21/2019,1082684
3/22/2019,1187667
3/23/2019,1205438
3/24/2019,1203534
3/25/2019,1099712
3/26/2019,1081109
3/27/2019,1104951
3/28/2019,1125847
3/29/2019,1173050
3/30/2019,1280174
3/31/2019,1193543
4/1/2019,1130855
4/2/2019,1077088
4/3/2019,1075691
4/4/2019,1081165
4/5/2019,1130391
4/6/2019,1130474
4/7/2019,1135569
4/8/2019,1086381
4/9/2019,1135403
4/10/2019,1110679
4/11/2019,1085511
4/12/2019,1136481
4/13/2019,1172127
4/14/2019,1139541
4/15/2019,1131634
4/16/2019,1056647
4/17/2019,1017989
4/18/2019,1068550
4/19/2019,1086867
4/20/2019,1132208
4/21/2019,862646
4/22/2019,926267
4/23/2019,925799
4/24/2019,920816
4/25/2019,929542
4/26/2019,896969
4/27/2019,991206
4/28/2019,972066
4/29/2019,889601
4/30/2019,959291
5/1/2019,944141
5/2/2019,911848
5/3/2019,836485
5/4/2019,976694
5/5/2019,964684
5/6/2019,1086501
5/7/2019,1133408
5/8/2019,1025301
5/9/2019,1024561
5/10/2019,1171186
5/11/2019,1068676
5/12/2019,1028038
5/13/2019,925461
5/14/2019,914676
5/15/2019,920395
5/16/2019,950250
5/17/2019,982356
5/18/2019,1039629
5/19/2019,1035378
5/20/2019,958635
5/21/2019,938457
5/22/2019,883653
5/23/2019,924917
5/24/2019,948685
5/25/2019,1129305
5/26/2019,1057263
5/27/2019,1013523
5/28/2019,943347
5/29/2019,971291
5/30/2019,957000
5/31/2019,967424
6/1/2019,969790
6/2/2019,971726
6/3/2019,950623
6/4/2019,922115
6/5/2019,923890
6/6/2019,917983
6/7/2019,938221
6/8/2019,967663
6/9/2019,923203
6/10/2019,507909
6/11/2019,946062
6/12/2019,918698
6/13/2019,937141
6/14/2019,948232
6/15/2019,959473
6/16/2019,960169
6/17/2019,956310
6/18/2019,915721
6/19/2019,925560
6/20/2019,905035
6/21/2019,931198
6/22/2019,913750
6/23/2019,916841
6/24/2019,925748
6/25/2019,929526
6/26/2019,945269
6/27/2019,959567
6/28/2019,954972
6/29/2019,907590
6/30/2019,917926
7/1/2019,959838
7/2/2019,922555
7/3/2019,915844
7/4/2019,912906
7/5/2019,952472
7/6/2019,991016
7/7/2019,971287
7/8/2019,993138
7/9/2019,1008475
7/10/2019,989921
7/11/2019,1017321
7/12/2019,1048622
7/13/2019,1047602
7/14/2019,1004224
7/15/2019,989325
7/16/2019,978557
7/17/2019,991224
7/18/2019,979214
7/19/2019,979834
7/20/2019,1008672
7/21/2019,964238
7/22/2019,960646
7/23/2019,997688
7/24/2019,1009302
7/25/2019,936590
7/26/2019,920633
7/27/2019,983555
7/28/2019,999929
7/29/2019,1002811
7/30/2019,926463
7/31/2019,536657
8/1/2019,998979
8/2/2019,1013897
8/3/2019,1013140
8/4/2019,977527
8/5/2019,1022727
8/6/2019,1086515
8/7/2019,1071682
8/8/2019,1055684
8/9/2019,1091118
8/10/2019,1065150
8/11/2019,1026761
8/12/2019,1049627
8/13/2019,1110080
8/14/2019,1137272
8/15/2019,1064575
8/16/2019,1152248
8/17/2019,1152236
8/18/2019,1104897
8/19/2019,1178556
8/20/2019,1131258
8/21/2019,1156542
8/22/2019,1140494
8/23/2019,1169313
8/24/2019,1167445
8/25/2019,1263296
8/26/2019,1176949
8/27/2019,1132629
8/28/2019,1081649
8/29/2019,1150364
8/30/2019,1170716
8/31/2019,1416067
9/1/2019,1620250
9/2/2019,1329436
9/3/2019,1197494
9/4/2019,1165088
9/5/2019,1142625
9/6/2019,1210111
9/7/2019,1313891
9/8/2019,1210142
9/9/2019,1154115
9/10/2019,1096929
9/11/2019,1123682
9/12/2019,1150942
9/13/2019,1226083
9/14/2019,1247157
9/15/2019,1255184
9/16/2019,1217302
9/17/2019,1139029
9/18/2019,1129047
9/19/2019,1103580
9/20/2019,1202132
9/21/2019,1196868
9/22/2019,1143211
9/23/2019,1073064
9/24/2019,1035322
9/25/2019,1070754
9/26/2019,1069314
9/27/2019,1160860
9/28/2019,1129648
9/29/2019,1186256
9/30/2019,1144807
10/1/2019,1082754
10/2/2019,1058554
10/3/2019,1075624
10/4/2019,1122626
10/5/2019,1171575
10/6/2019,1135619
10/7/2019,1090465
10/8/2019,1046055
10/9/2019,1046314
10/10/2019,1099561
10/11/2019,1166167
10/12/2019,1211741
10/13/2019,1171938
10/14/2019,1064350
10/15/2019,1042500
10/16/2019,1042991
10/17/2019,1005827
10/18/2019,1114105
10/19/2019,1246338
10/20/2019,1174542
10/21/2019,1093262
10/22/2019,1070382
10/23/2019,1070005
10/24/2019,1044065
10/25/2019,1115711
10/26/2019,1193922
10/27/2019,1165488
10/28/2019,1032483
10/29/2019,1080727
10/30/2019,1088331
10/31/2019,1059082
11/1/2019,1129276
11/2/2019,1151116
11/3/2019,1162580
11/4/2019,1036518
11/5/2019,1018295
11/6/2019,1044358
11/7/2019,1033943
11/8/2019,1096493
11/9/2019,1118945
11/10/2019,1082940
11/11/2019,1027849
11/12/2019,961357
11/13/2019,953731
11/14/2019,966275
11/15/2019,1053944
11/16/2019,1077659
11/17/2019,1030919
11/18/2019,1015621
11/19/2019,944164
11/20/2019,874853
11/21/2019,963935
11/22/2019,961310
11/23/2019,1049424
11/24/2019,1025547
11/25/2019,979969
11/26/2019,1010890
11/27/2019,1035237
11/28/2019,984606
11/29/2019,1105318
11/30/2019,1113053
12/1/2019,1067774
12/2/2019,1016946
12/3/2019,970894
12/4/2019,994919
12/5/2019,990576
12/6/2019,1050095
12/7/2019,1099432
12/8/2019,1095344
12/9/2019,1029046
12/10/2019,993627
12/11/2019,978805
12/12/2019,995997
12/13/2019,1065814
12/14/2019,1066471
12/15/2019,1049356
12/16/2019,1069344
12/17/2019,993374
12/18/2019,1019326
12/19/2019,1910034
12/20/2019,2408343
12/21/2019,2041416
12/22/2019,2043264
12/23/2019,1929664
12/24/2019,1952099
12/25/2019,1996983
12/26/2019,2018092
12/27/2019,1962559
12/28/2019,2016798
12/29/2019,2062088
12/30/2019,2032210
12/31/2019,1838348
1/1/2020,2137426
1/2/2020,1446166
1/3/2020,1223809
1/4/2020,1169430
1/5/2020,1123548
1/6/2020,1051594
1/7/2020,1080096
1/8/2020,1097785
1/9/2020,1066975
1/10/2020,1166654
1/11/2020,1216095
1/12/2020,1170680
1/13/2020,1133815
1/14/2020,1105089
1/15/2020,1105874
1/16/2020,1055204
1/17/2020,1106725
1/18/2020,1178214
1/19/2020,1141045
1/20/2020,1063542
1/21/2020,1057558
1/22/2020,1062476
1/23/2020,1085605
1/24/2020,1188789
1/25/2020,1250144
1/26/2020,1271371
1/27/2020,1179429
1/28/2020,1194761
1/29/2020,1176647
1/30/2020,1026065
1/31/2020,1241870
2/1/2020,1221549
2/2/2020,1225806
2/3/2020,1174913
2/4/2020,1160683
2/5/2020,1167173
2/6/2020,1197398
2/7/2020,1195929
2/8/2020,1227959
2/9/2020,1247567
2/10/2020,1227139
2/11/2020,1208009
2/12/2020,1222955
2/13/2020,1188403
2/14/2020,1231241
2/15/2020,1299993
2/16/2020,1302497
2/17/2020,1218050
2/18/2020,1174464
2/19/2020,1215603
2/20/2020,1183602
2/21/2020,1258705
2/22/2020,1260814
2/23/2020,1295934
2/24/2020,1257091
2/25/2020,1175769
2/26/2020,1153269
2/27/2020,1204198
2/28/2020,1282760
2/29/2020,1328859
3/1/2020,1264424
3/2/2020,1160337
3/3/2020,1192918
3/4/2020,1146413
3/5/2020,1189064
3/6/2020,1241577
3/7/2020,1313638
3/8/2020,1255067
3/9/2020,1269178
3/10/2020,1236857
3/11/2020,1216179
3/12/2020,1236073
3/13/2020,1292647
3/14/2020,1291331
3/15/2020,1292191
3/16/2020,1333116
3/17/2020,1325944
3/18/2020,1296452
3/19/2020,1298156
3/20/2020,1290566
3/21/2020,1285689
3/22/2020,1289961
3/23/2020,1238558
3/24/2020,1246852
3/25/2020,1324427
3/26/2020,1300072
3/27/2020,1320251
3/28/2020,1344005
3/29/2020,1337916
3/30/2020,1446389
3/31/2020,1452383
4/1/2020,1439576
4/2/2020,1444297
4/3/2020,1442713
4/4/2020,1418849
4/5/2020,1452873
4/6/2020,1463465
4/7/2020,1432441
4/8/2020,1515335
4/9/2020,1501708
4/10/2020,1595087
4/11/2020,1586563
4/12/2020,1563457
4/13/2020,1536953
4/14/2020,1503640
4/15/2020,1597509
4/16/2020,1505952
4/17/2020,1531920
4/18/2020,1518514
4/19/2020,1563790
4/20/2020,1524951
4/21/2020,1528599
4/22/2020,1527545
4/23/2020,1503135
4/24/2020,1507177
4/25/2020,1440717
4/26/2020,1478837
4/27/2020,1479391
4/28/2020,1482078
4/29/2020,1566773
4/30/2020,1561831
5/1/2020,1594074
5/2/2020,1564870
5/3/2020,1511289
5/4/2020,1541680
5/5/2020,1568614
5/6/2020,1586547
5/7/2020,1578018
5/8/2020,1592960
5/9/2020,1579913
5/10/2020,1631527
5/11/2020,1596717
5/12/2020,1605637
5/13/2020,1628276
5/14/2020,1574872
5/15/2020,1538701
5/16/2020,1547389
5/17/2020,1540910
5/18/2020,1505923
5/19/2020,1480085
5/20/2020,1520528
5/21/2020,1550157
5/22/2020,1613472
5/23/2020,1582762
5/24/2020,1553854
5/25/2020,1340424
5/26/2020,1199737
5/27/2020,1257026
5/28/2020,1245105
5/29/2020,1285381
5/30/2020,1210018
5/31/2020,1152809
6/1/2020,1264904
6/2/2020,1190194
6/3/2020,1184371
6/4/2020,1210190
6/5/2020,1294988
6/6/2020,1181619
6/7/2020,1172880
6/8/2020,1183881
6/9/2020,1161341
6/10/2020,1184181
6/11/2020,1189932
6/12/2020,1161804
6/13/2020,1146177
6/14/2020,1102948
6/15/2020,1149388
6/16/2020,1120839
6/17/2020,1173344
6/18/2020,1144002
6/19/2020,1198594
6/20/2020,1199968
6/21/2020,1190044
6/22/2020,1215806
6/23/2020,1166255
6/24/2020,1240250
6/25/2020,1691861
6/26/2020,2125466
6/27/2020,2044582
6/28/2020,1942561
6/29/2020,1961947
6/30/2020,2049173
7/1/2020,2009707
7/2/2020,1946449
7/3/2020,1947527
7/4/2020,1921978
7/5/2020,2033323
7/6/2020,1821490
7/7/2020,2049794
7/8/2020,2023581
7/9/2020,1382398
7/10/2020,1296852
7/11/2020,1224377
7/12/2020,1129092
7/13/2020,1181688
7/14/2020,1110703
7/15/2020,1075585
7/16/2020,1090090
7/17/2020,1115136
7/18/2020,1175737
7/19/2020,1162263
7/20/2020,1227141
7/21/2020,1163503
7/22/2020,1180586
7/23/2020,1165543
7/24/2020,1168389
7/25/2020,1165778
7/26/2020,1198150
7/27/2020,1249107
7/28/2020,1237817
7/29/2020,1212202
7/30/2020,1214367
7/31/2020,1187594
8/1/2020,1192179
8/2/2020,1241841
8/3/2020,1220250
8/4/2020,1191761
8/5/2020,1177551
8/6/2020,1180122
8/7/2020,1209503
8/8/2020,1146031
8/9/2020,1183399
8/10/2020,1117739
8/11/2020,1210310
8/12/2020,1195400
8/13/2020,1162929
8/14/2020,1197660
8/15/2020,1182838
8/16/2020,987441
8/18/2020,424456
8/19/2020,1222333
8/20/2020,1196636
8/21/2020,1178789
8/22/2020,1198757
8/23/2020,1211622
8/24/2020,1197232
8/25/2020,1172079
8/26/2020,1203912
8/27/2020,1201228
8/28/2020,1190324
8/29/2020,1183163
8/30/2020,1173047
8/31/2020,1159489
9/1/2020,1240329
9/2/2020,1210814
9/3/2020,1144473
9/4/2020,1243091
9/5/2020,1278541
9/6/2020,1198693
9/7/2020,1186328
9/8/2020,1187604
9/9/2020,1192038
9/10/2020,1166696
9/11/2020,1271084
9/12/2020,1310678
9/13/2020,1195618
9/14/2020,1156960
9/15/2020,1158607
9/16/2020,1148708
9/17/2020,1298565
9/18/2020,1253599
9/19/2020,1254344
9/20/2020,1185680
9/21/2020,1169281
9/22/2020,1118936
9/23/2020,1083843
9/24/2020,1078493
9/25/2020,1154329
9/26/2020,1186782
9/27/2020,1126151
9/28/2020,1083694
9/29/2020,1074962
9/30/2020,1158100
10/1/2020,1162603
10/2/2020,1180287
10/3/2020,1196292
10/4/2020,1154850
10/5/2020,1092181
10/6/2020,1091804
10/7/2020,1104793
10/8/2020,1094464
10/9/2020,1138795
10/10/2020,1188727
10/11/2020,1141737
10/12/2020,1073940
10/13/2020,1054682
10/14/2020,1072109
10/15/2020,1075879
10/16/2020,1005520
10/17/2020,1147279
10/18/2020,1080498
10/19/2020,1070389
10/20/2020,1038684
10/21/2020,1054198
10/22/2020,1051737
10/23/2020,1144446
10/24/2020,1055860
10/25/2020,1062005
10/26/2020,1042084
10/27/2020,1036844
10/28/2020,1044513
10/29/2020,1037956
10/30/2020,1161619
10/31/2020,1145837
11/1/2020,1126240
11/2/2020,1037705
11/3/2020,1023369
11/4/2020,1061284
11/5/2020,1098781
11/6/2020,1140103
11/7/2020,1196975
11/8/2020,1124759
11/9/2020,1122307
11/10/2020,1137320
11/11/2020,1097638
11/12/2020,1075472
11/13/2020,1168007
11/14/2020,1177615
11/15/2020,1151886
11/16/2020,1173659
11/17/2020,1111034
11/18/2020,1137487
11/19/2020,1124904
11/20/2020,1210382
11/21/2020,1200233
11/22/2020,1158981
11/23/2020,1125987
11/24/2020,1101663
11/25/2020,1128011
11/26/2020,1092953
11/27/2020,1234671
11/28/2020,1333502
11/29/2020,1206283
11/30/2020,1209857
12/1/2020,1118634
12/2/2020,1141058
12/3/2020,1271531
12/4/2020,1227046
12/5/2020,1246725
12/6/2020,1236024
12/7/2020,1257724
12/8/2020,1153108
12/9/2020,1090843
12/10/2020,1158688
12/11/2020,1241274
12/12/2020,1331974
12/13/2020,1269177
12/14/2020,1255348
12/15/2020,1208254
12/16/2020,1212834
12/17/2020,1243782
12/18/2020,1210303
12/19/2020,1340845
12/20/2020,1419124
12/21/2020,1327367
12/22/2020,2495198
12/23/2020,2461970
12/24/2020,2365515
12/25/2020,2360636
12/26/2020,2272377
12/27/2020,2282650
12/28/2020,2310916
12/29/2020,2215526
12/30/2020,2403062
12/31/2020,2196364
1/1/2021,2339215
1/2/2021,2313325
1/3/2021,2358604
1/4/2021,2456876
1/5/2021,1526829
1/6/2021,1541527
1/7/2021,1389818
1/8/2021,1384514
1/9/2021,1384706
1/10/2021,1324719
1/11/2021,1347408
1/12/2021,1315265
1/13/2021,1313440
1/14/2021,1367018
1/15/2021,1411038
1/16/2021,1449418
1/17/2021,1424776
1/18/2021,1354794
1/19/2021,1329830
1/20/2021,1388396
1/21/2021,1376711
1/22/2021,1397589
1/23/2021,1384966
1/24/2021,1336942
1/25/2021,1371609
1/26/2021,1294480
1/27/2021,1381340
1/28/2021,1367186
1/29/2021,1396212
1/30/2021,1378653
1/31/2021,1383241
2/1/2021,1306226
2/2/2021,1255537
2/3/2021,1316419
2/4/2021,1690290
2/5/2021,1711768
2/6/2021,1489656
2/7/2021,1420836
2/8/2021,1393332
2/9/2021,1459293
2/10/2021,1498055
2/11/2021,1641676
2/12/2021,1577880
2/13/2021,1559720
2/14/2021,1479247
2/15/2021,1496573
2/16/2021,1423883
2/17/2021,1377123
2/18/2021,1417168
2/19/2021,1442164
2/20/2021,1426942
2/21/2021,1377756
2/22/2021,1419869
2/23/2021,1502609
2/24/2021,1489531
2/25/2021,1502551
2/26/2021,1556152
2/27/2021,1557855
2/28/2021,1537738
3/1/2021,1517098
3/2/2021,1465641
3/3/2021,1300938
3/4/2021,1485581
3/5/2021,1609642
3/6/2021,1602733
3/7/2021,1421188
3/8/2021,1551980
3/9/2021,1502512
3/10/2021,1534275
3/11/2021,1559045
3/12/2021,1635221
3/13/2021,1616395
3/14/2021,1478886
3/15/2021,1582754
3/16/2021,1597103
3/17/2021,1592547
3/18/2021,1594352
3/19/2021,1608315
3/20/2021,1652434
3/21/2021,1620577
3/22/2021,1591107
3/23/2021,1544326
3/24/2021,1569694
3/25/2021,1631413
3/26/2021,1641396
3/27/2021,1614281
3/28/2021,1577780
3/29/2021,1546912
3/30/2021,1513412
3/31/2021,1564797
4/1/2021,1565257
4/2/2021,1591284
4/3/2021,1603084
4/4/2021,1583520
4/5/2021,1646127
4/6/2021,1794613
4/7/2021,1709094
4/8/2021,1731479
4/9/2021,1723741
4/10/2021,1707421
4/11/2021,1614506
4/12/2021,1581868
4/13/2021,1530755
4/14/2021,1128587
4/15/2021,2088871
4/16/2021,1870191
4/17/2021,1807160
4/18/2021,1746632
4/19/2021,1672902
4/20/2021,1662058
4/21/2021,1654069
4/22/2021,1537528
4/23/2021,1744975
4/24/2021,1619948
4/25/2021,1604393
4/26/2021,1598709
4/27/2021,1526063
4/28/2021,1549432
4/29/2021,1577116
4/30/2021,1574705
5/1/2021,1561343
5/2/2021,1499461
5/3/2021,1604716
5/4/2021,1663614
5/5/2021,1674346
5/6/2021,1657081
5/7/2021,1590611
5/8/2021,1657256
5/9/2021,1556393
5/10/2021,1552538
5/11/2021,1549819
5/12/2021,1593856
5/13/2021,1581240
5/14/2021,1612514
5/15/2021,1629264
5/16/2021,1578933
5/17/2021,1565395
5/18/2021,1430449
5/19/2021,1486796
5/20/2021,1572225
5/21/2021,1605639
5/22/2021,1573781
5/23/2021,1555911
5/24/2021,1538158
5/25/2021,1568051
5/26/2021,1569200
5/27/2021,1484619
5/28/2021,1630635
5/29/2021,1555745
5/30/2021,1539160
5/31/2021,1566650
6/1/2021,1582802
6/2/2021,1653669
6/3/2021,1644726
6/4/2021,1818282
6/5/2021,1615706
6/6/2021,1526221
6/7/2021,1517124
6/8/2021,1455710
6/9/2021,1433143
6/10/2021,1484762
6/11/2021,1449891
6/12/2021,1354218
6/13/2021,1424945
6/14/2021,1396806
6/15/2021,1367367
6/16/2021,1361783
6/17/2021,1343892
6/18/2021,1343167
6/19/2021,1362632
6/20/2021,1342852
6/21/2021,1314648
6/22/2021,1336100
6/23/2021,1378189
6/24/2021,2213234
6/25/2021,2722648
6/26/2021,2528237
6/27/2021,2660351
6/28/2021,2467497
6/29/2021,2627902
6/30/2021,2564634
7/1/2021,2678819
7/2/2021,2698029
7/3/2021,2687120
7/4/2021,2553992
7/5/2021,2496781
7/6/2021,2635110
7/7/2021,2527152
7/8/2021,1576676
7/9/2021,1350889
7/10/2021,1228230
7/11/2021,1308693
7/12/2021,1307866
7/13/2021,1333013
7/14/2021,1237889
7/15/2021,1313713
7/16/2021,1318384
7/17/2021,1227025
7/18/2021,1201622
7/19/2021,1268118
7/20/2021,1235600
7/21/2021,1206308
7/22/2021,1182944
7/23/2021,1250016
7/24/2021,1190893
7/25/2021,1201625
7/26/2021,1184752
7/27/2021,623177
7/28/2021,1310249
7/29/2021,1240572
7/30/2021,1182370
7/31/2021,1186528
8/1/2021,1199533
8/2/2021,1191689
8/3/2021,1156126
8/4/2021,1116539
8/5/2021,1175687
8/6/2021,1302334
8/7/2021,1215598
8/8/2021,1209861
8/9/2021,1190778
8/10/2021,1196500
8/11/2021,1266287
8/12/2021,1224758
8/13/2021,1226483
8/14/2021,1226015
8/15/2021,1242755
8/16/2021,1270837
8/17/2021,1198938
8/18/2021,1220854
8/19/2021,1240765
8/20/2021,1215471
8/21/2021,1224842
8/22/2021,1239086
8/23/2021,1226411
8/24/2021,1219547
8/25/2021,1196487
8/26/2021,1190525
8/27/2021,1209265
8/28/2021,1226793
8/29/2021,1199291
8/30/2021,1213318
8/31/2021,1178181
9/1/2021,1157441
9/2/2021,538578
9/3/2021,1265862
9/4/2021,1319066
9/5/2021,1212476
9/6/2021,1192020
9/7/2021,1146126
9/8/2021,1150509
9/9/2021,1142154
9/10/2021,1222154
9/11/2021,1288959
9/12/2021,1220470
9/13/2021,1155858
9/14/2021,1119716
9/15/2021,1169135
9/16/2021,1158543
9/17/2021,1222613
9/18/2021,1306640
9/19/2021,1287523
9/20/2021,1227218
9/21/2021,1203425
9/22/2021,1297092
9/23/2021,1201047
9/24/2021,1243380
9/25/2021,1237800
9/26/2021,1192901
9/27/2021,1130936
9/28/2021,1104192
9/29/2021,1256646
9/30/2021,1396773
10/1/2021,1299601
10/2/2021,1315461
10/3/2021,1239625
10/4/2021,1199500
10/5/2021,1246476
10/6/2021,1254445
10/7/2021,1251122
10/8/2021,1219845
10/9/2021,1302038
10/10/2021,1211199
10/11/2021,1146637
10/12/2021,1146732
10/13/2021,1176787
10/14/2021,1197621
10/15/2021,1312495
10/16/2021,1249711
10/17/2021,1258340
10/18/2021,1185995
10/19/2021,1116485
10/20/2021,1134261
10/21/2021,1190118
10/22/2021,1249159
10/23/2021,1243606
10/24/2021,1211378
10/25/2021,1236099
10/26/2021,1160417
10/27/2021,1127327
10/28/2021,1183654
10/29/2021,1356629
10/30/2021,1369367
10/31/2021,1314975
11/1/2021,1267862
11/2/2021,1211769
11/3/2021,1197640
11/4/2021,1243703
11/5/2021,1264241
11/6/2021,1267442
11/7/2021,1327787
11/8/2021,1171828
11/9/2021,1173297
11/10/2021,1217793
11/11/2021,1199239
11/12/2021,1236606
11/13/2021,1263272
11/14/2021,1218020
11/15/2021,1230600
11/16/2021,1189451
11/17/2021,1253012
11/18/2021,1259104
11/19/2021,1308516
11/20/2021,1313694
11/21/2021,1227391
11/22/2021,1162275
11/23/2021,1133991
11/24/2021,1161474
11/25/2021,1213158
11/26/2021,1281589
11/27/2021,1331126
11/28/2021,1265636
11/29/2021,1265174
11/30/2021,1916006
12/1/2021,1286410
12/2/2021,1299083
12/3/2021,1399649
12/4/2021,1449168
12/5/2021,1333460
12/6/2021,1210393
12/7/2021,1343838
12/8/2021,1387940
12/9/2021,1497165
12/10/2021,1418352
12/11/2021,1483827
12/12/2021,1352018
12/13/2021,1345121
12/14/2021,1298776
12/15/2021,1366496
12/16/2021,1320843
12/17/2021,1361360
12/18/2021,1405178
12/19/2021,1322715
12/20/2021,1307686
12/21/2021,1286666
12/22/2021,2615724
12/23/2021,2925078
12/24/2021,2717396
12/25/2021,2707754
12/26/2021,2669898
12/27/2021,2653885
12/28/2021,2622943
12/29/2021,2489663
12/30/2021,2595830
12/31/2021,2425862
1/1/2022,2805350
1/2/2022,2639847
1/3/2022,2644345
1/4/2022,2824021
1/5/2022,1722813
1/6/2022,1413720
1/7/2022,1436106
1/8/2022,1410024
1/9/2022,1339367
1/10/2022,1305673
1/11/2022,1284221
1/12/2022,1301361
1/13/2022,1265201
1/14/2022,1403289
1/15/2022,1407650
1/16/2022,1321737
1/17/2022,1289583
1/18/2022,1278819
1/19/2022,1284391
1/20/2022,1381430
1/21/2022,1276504
1/22/2022,1406146
1/23/2022,1416422
1/24/2022,1400835
1/25/2022,1357816
1/26/2022,1365172
1/27/2022,1429042
1/28/2022,1439256
1/29/2022,1475106
1/30/2022,1507728
1/31/2022,1712833
2/1/2022,1659639
2/2/2022,1594199
2/3/2022,1566890
2/4/2022,1542056
2/5/2022,1565471
2/6/2022,1518796
2/7/2022,1474068
2/8/2022,1456360
2/9/2022,1447238
2/10/2022,1446634
2/11/2022,1318055
2/12/2022,1513920
2/13/2022,1471180
2/14/2022,1391257
2/15/2022,1421328
2/16/2022,1390151
2/17/2022,1381970
2/18/2022,1454934
2/19/2022,1517316
2/20/2022,1433884
2/21/2022,1392687
2/22/2022,1365306
2/23/2022,1400977
2/24/2022,1361537
2/25/2022,1461816
2/26/2022,1506131
2/27/2022,1459872
2/28/2022,1466728
3/1/2022,1408243
3/2/2022,1422361
3/3/2022,1402618
3/4/2022,1485699
3/5/2022,1532611
3/6/2022,1491896
3/7/2022,1459404
3/8/2022,1449770
3/9/2022,1405633
3/10/2022,1411671
3/11/2022,1485655
3/12/2022,1551243
3/13/2022,1443506
3/14/2022,1491439
3/15/2022,1545311
3/16/2022,1543866
3/17/2022,1498043
3/18/2022,1583101
3/19/2022,1625538
3/20/2022,1585137
3/21/2022,1526343
3/22/2022,1516609
3/23/2022,1501175
3/24/2022,1448585
3/25/2022,1504686
3/26/2022,1363604
3/27/2022,1062405
3/29/2022,608954
3/30/2022,1438531
3/31/2022,1461618
4/1/2022,1521838
4/2/2022,1596166
4/3/2022,1581852
4/4/2022,1532023
4/5/2022,1496826
4/6/2022,1449291
4/7/2022,1481191
4/8/2022,1531863
4/9/2022,1676761
4/10/2022,1641185
4/11/2022,1542605
4/12/2022,1512486
4/13/2022,1545785
4/14/2022,1627663
4/15/2022,1670145
4/16/2022,1675391
4/17/2022,1588769
4/18/2022,1589022
4/19/2022,1521234
4/20/2022,1498368
4/21/2022,1548272
4/22/2022,1567969
4/23/2022,1582407
4/24/2022,1683691
4/25/2022,1549091
4/26/2022,1473754
4/27/2022,1477804
4/28/2022,1508972
4/29/2022,1583773
4/30/2022,1642018
5/1/2022,1642814
5/2/2022,1572687
5/3/2022,1583513
5/4/2022,1553872
5/5/2022,1489455
5/6/2022,1480050
5/7/2022,1587146
5/8/2022,1478970
5/9/2022,1431928
5/10/2022,1448585
5/11/2022,1567468
5/12/2022,1520136
5/13/2022,1566206
5/14/2022,1564251
5/15/2022,1525604
5/16/2022,1467293
5/17/2022,1442694
5/18/2022,1456036
5/19/2022,1464714
5/20/2022,1490419
5/21/2022,1441966
5/22/2022,1486737
5/23/2022,1442770
5/24/2022,1379365
5/25/2022,1393489
5/26/2022,1404701
5/27/2022,1435322
5/28/2022,1473931
5/29/2022,1446281
5/30/2022,1454332
5/31/2022,1504610
6/1/2022,1497692
6/2/2022,1555128
6/3/2022,1551361
6/4/2022,1500731
6/5/2022,1498432
6/6/2022,1394370
6/7/2022,1425609
6/8/2022,1444364
6/9/2022,1472765
6/10/2022,1809464
6/11/2022,1767804
6/12/2022,1676970
6/13/2022,1547059
6/14/2022,1543850
6/15/2022,1579532
6/16/2022,1769619
6/17/2022,1612728
6/18/2022,1650368
6/19/2022,1623478
6/20/2022,1617212
6/21/2022,1483384
6/22/2022,1497741
6/23/2022,2678288
6/24/2022,3481556
6/25/2022,3352816
6/26/2022,3165704
6/27/2022,3205684
6/28/2022,3089887
6/29/2022,3067156
6/30/2022,3061097
7/1/2022,3336119
7/2/2022,3356695
7/3/2022,3342679
7/4/2022,3095446
7/5/2022,3429235
7/6/2022,3349112
7/7/2022,1816992
7/8/2022,1693531
7/9/2022,1582589
7/10/2022,1620777
7/11/2022,1673489
7/12/2022,1233247
7/13/2022,528721
7/14/2022,1690710
7/15/2022,1616793
7/16/2022,1553493
7/17/2022,1604834
7/18/2022,1574411
7/19/2022,1097700
7/21/2022,3195
7/22/2022,1612888
7/23/2022,1531412
7/24/2022,1517599
7/25/2022,1537493
7/26/2022,1529377
7/27/2022,1170604
7/28/2022,1310197
7/29/2022,1678974
7/30/2022,1718768
7/31/2022,1713982
8/1/2022,1662678
8/2/2022,1568437
8/3/2022,1554234
8/4/2022,1536086
8/5/2022,1548089
8/6/2022,1531410
8/7/2022,1555916
8/8/2022,1379522
8/9/2022,1505443
8/10/2022,1700343
8/11/2022,1611618
8/12/2022,1658426
8/13/2022,1530430
8/14/2022,1514893
8/15/2022,1597929
8/16/2022,1573407
8/17/2022,1563452
8/18/2022,1573984
8/19/2022,1561648
8/20/2022,1584703
8/21/2022,1133825
8/22/2022,1466522
8/23/2022,1587546
8/24/2022,1588366
8/25/2022,1679279
8/26/2022,1741868
8/27/2022,1680683
8/28/2022,1643165
8/29/2022,1619752
8/30/2022,1620014
8/31/2022,1633635
9/1/2022,1692656
9/2/2022,1650980
9/3/2022,1643533
9/4/2022,1520373
9/5/2022,1484750
9/6/2022,1408786
9/7/2022,1499885
9/8/2022,1490207
9/9/2022,1727621
9/10/2022,1662694
9/11/2022,1618861
9/12/2022,1495534
9/13/2022,1587400
9/14/2022,1548894
9/15/2022,1573847
9/16/2022,1615665
9/17/2022,1663670
9/18/2022,1611201
9/19/2022,1520058
9/20/2022,1565808
9/21/2022,1581617
9/22/2022,1532136
9/23/2022,1630627
9/24/2022,1675869
9/25/2022,1531916
9/26/2022,1540765
9/27/2022,1539513
9/28/2022,1489042
9/29/2022,1544211
9/30/2022,1739355
10/1/2022,1763469
10/2/2022,1752190
10/3/2022,1671283
10/4/2022,1555340
10/5/2022,1567263
10/6/2022,1583295
10/7/2022,1719823
10/8/2022,1710079
10/9/2022,1661102
10/10/2022,1605192
10/11/2022,1588376
10/12/2022,1574239
10/13/2022,1582207
10/14/2022,1719794
10/15/2022,1779473
10/16/2022,1650325
10/17/2022,1660901
10/18/2022,1567908
10/19/2022,1596253
10/20/2022,1653959
10/21/2022,1848144
10/22/2022,1628060
10/23/2022,1716933
10/24/2022,1643683
10/25/2022,1582060
10/26/2022,1552563
10/27/2022,1615801
10/28/2022,1754879
10/29/2022,1768046
10/30/2022,1721779
10/31/2022,1678799
11/1/2022,1682940
11/2/2022,1621491
11/3/2022,1627204
11/4/2022,1605392
11/5/2022,1693392
11/6/2022,1713187
11/7/2022,1656545
11/8/2022,1671247
11/9/2022,1649979
11/10/2022,1601097
11/11/2022,1658174
11/12/2022,1655438
11/13/2022,1592849
11/14/2022,1617633
11/15/2022,1620243
11/16/2022,1557445
11/17/2022,1567571
11/18/2022,2146905
11/19/2022,1929385
11/20/2022,1813854
11/21/2022,1827837
11/22/2022,1726734
11/23/2022,1612200
11/24/2022,1700847
11/25/2022,1637820
11/26/2022,1632331
11/27/2022,1609269
11/28/2022,1539981
11/29/2022,1506260
11/30/2022,1551646
12/1/2022,1599036
12/2/2022,1609750
12/3/2022,1647859
12/4/2022,1590521
12/5/2022,1578609
12/6/2022,1656557
12/7/2022,1571846
12/8/2022,1558763
12/9/2022,1582965
12/10/2022,1610931
12/11/2022,1537744
12/12/2022,1492062
12/13/2022,1451089
12/14/2022,1472885
12/15/2022,1591330
12/16/2022,1569374
12/17/2022,1519618
12/18/2022,1475559
12/19/2022,1543338
12/20/2022,1241681
12/21/2022,1359317
12/22/2022,3787547
12/23/2022,2901389
12/24/2022,3197165
12/25/2022,3307008
12/26/2022,2959645
12/27/2022,3168148
12/28/2022,3135352
12/29/2022,3035417
12/30/2022,3143074
12/31/2022,3207995
1/1/2023,3311614
1/2/2023,3275556
1/3/2023,3318160
1/4/2023,3348740
1/5/2023,2101047
1/6/2023,1620545
1/7/2023,1801463
1/8/2023,1667865
1/9/2023,1444625
1/10/2023,1611253
1/11/2023,1628854
1/12/2023,1612224
1/13/2023,1709314
1/14/2023,1687921
1/15/2023,1661104
1/16/2023,1720878
1/17/2023,1721521
1/18/2023,1724613
1/19/2023,1862638
1/20/2023,1952488
1/21/2023,2330325
1/22/2023,2181431
1/23/2023,2083462
1/24/2023,1962078
1/25/2023,2054375
1/26/2023,2027575
1/27/2023,2018454
1/28/2023,2087946
1/29/2023,2060546
1/30/2023,1960369
1/31/2023,1988403
2/1/2023,1920626
2/2/2023,1977966
2/3/2023,2033368
2/4/2023,2168081
2/5/2023,1937297
2/6/2023,1884264
2/7/2023,1847815
2/8/2023,1892862
2/9/2023,2123882
2/10/2023,2322745
2/11/2023,2345412
2/12/2023,2224947
2/13/2023,2149359
2/14/2023,2119147
2/15/2023,2226545
2/16/2023,2011921
2/17/2023,2173624
2/18/2023,2247559
2/19/2023,2182072
2/20/2023,2149899
2/21/2023,2261492
2/22/2023,2229044
2/23/2023,1853015
2/24/2023,2365080
2/25/2023,2419371
2/26/2023,2394392
2/27/2023,2344172
2/28/2023,2090159
3/1/2023,2485929
3/2/2023,2549097
3/3/2023,2555664
3/4/2023,2270935
3/5/2023,2489180
3/6/2023,2389572
3/7/2023,2488816
3/8/2023,2384359
3/9/2023,2371647
3/10/2023,2636427
3/11/2023,2442498
3/12/2023,2243977
3/13/2023,2313237
3/14/2023,2148814
3/15/2023,2483620
3/16/2023,2722716
3/17/2023,2512020
3/18/2023,2112465
3/19/2023,2410086
3/20/2023,2563548
3/21/2023,2780416
3/22/2023,3919178
3/23/2023,3396728
3/24/2023,2802095
3/25/2023,3928898
3/26/2023,3872247
3/27/2023,3210193
3/28/2023,2850187
3/29/2023,2795440
3/30/2023,2949782
3/31/2023,4172441
4/1/2023,4789153
4/2/2023,3904796
4/3/2023,3858489
4/4/2023,4326326
4/5/2023,4229429
4/6/2023,4008991
4/7/2023,4941107
4/8/2023,5389083
4/9/2023,4298180
4/10/2023,4345871
4/11/2023,4030985
4/12/2023,4678397
4/13/2023,5105293
4/14/2023,6097590
4/15/2023,6482209
4/16/2023,6472700
4/17/2023,5891895
4/18/2023,4623549
4/19/2023,3684612
4/20/2023,3207330
4/21/2023,3001802
4/22/2023,2898498
4/23/2023,2753121
4/24/2023,2847416
4/25/2023,2723402
4/26/2023,2493471
4/27/2023,2433940
4/28/2023,2480733
4/29/2023,2396509
4/30/2023,2408504
5/1/2023,2370360
5/2/2023,2614565
5/3/2023,2746915
5/4/2023,2866879
5/5/2023,2795116
5/6/2023,2801293
5/7/2023,2568962
5/8/2023,2490549
5/9/2023,2355991
5/10/2023,2407690
5/11/2023,2360747
5/12/2023,2749865
5/13/2023,2719293
5/14/2023,2531447
5/15/2023,2455931
5/16/2023,2407227
5/17/2023,2439292
5/18/2023,2419988
5/19/2023,2437434
5/20/2023,2515876
5/21/2023,2527247
5/22/2023,2355299
5/23/2023,2363393
5/24/2023,2426003
5/25/2023,2324467
5/26/2023,2389207
5/27/2023,2387101
5/28/2023,2395359
5/29/2023,2338735
5/30/2023,2306842
5/31/2023,2396978
6/1/2023,2332176
6/2/2023,2343036
6/3/2023,2312793
6/4/2023,2309158
6/5/2023,2232513
6/6/2023,2137779
6/7/2023,2201720
6/8/2023,2189171
6/9/2023,2500097
6/10/2023,2242525
6/11/2023,1767784
6/12/2023,1964113
6/13/2023,1919685
6/14/2023,1973842
6/15/2023,1958060
6/16/2023,1896246
6/17/2023,1883308
6/18/2023,1793085
6/19/2023,1762118
6/20/2023,1179782
6/21/2023,816500
6/22/2023,1687067
6/23/2023,1787778
6/24/2023,1690781
6/25/2023,1670670
6/26/2023,1706688
6/27/2023,1685793
6/28/2023,1817543
6/29/2023,3451154
6/30/2023,4613386
7/1/2023,4339745
7/2/2023,4218507
7/3/2023,4176515
7/4/2023,4012689
7/5/2023,4004361
7/6/2023,3938947
7/7/2023,4092034
7/8/2023,4429700
7/9/2023,4301780
7/10/2023,4012549
7/11/2023,4207631
7/12/2023,3826126
7/13/2023,2120021
7/14/2023,2272315
7/15/2023,2062317
7/16/2023,2010397
7/17/2023,2168384
7/18/2023,2307515
7/19/2023,2212836
7/20/2023,2254035
7/21/2023,2195274
7/22/2023,2141175
7/23/2023,2255101
7/24/2023,2048130
7/25/2023,2198398
7/26/2023,2276667
7/27/2023,2107022
7/28/2023,2140678
7/29/2023,2123619
7/30/2023,2078361
7/31/2023,2141277
8/1/2023,2203725
8/2/2023,2220574
8/3/2023,2189865
8/4/2023,2208373
8/5/2023,2161729
8/6/2023,2199221
8/7/2023,2115801
8/8/2023,2234911
8/9/2023,2202145
8/10/2023,2151649
8/11/2023,2184033
8/12/2023,2175521
8/13/2023,2136435
8/14/2023,2174381
8/15/2023,2115462
8/16/2023,2161811
8/17/2023,2121221
8/18/2023,2248800
8/19/2023,2263398
8/20/2023,2203099
8/21/2023,2135752
8/22/2023,2125753
8/23/2023,2252384
8/24/2023,2169337
8/25/2023,2144685
8/26/2023,2121402
8/27/2023,2188288
8/28/2023,2330581
8/29/2023,2288473
8/30/2023,2357990
8/31/2023,2307894
9/1/2023,2322075
9/2/2023,2881719
9/3/2023,2657900
9/4/2023,2401946
9/5/2023,2318373
9/6/2023,2386209
9/7/2023,2265933
9/8/2023,2341176
9/9/2023,2399651
9/10/2023,2286762
9/11/2023,2293492
9/12/2023,1660449
9/13/2023,493230
9/14/2023,2237785
9/15/2023,2349739
9/16/2023,2311357
9/17/2023,2177379
9/18/2023,2090260
9/19/2023,2095937
9/20/2023,2195531
9/21/2023,2045591
9/22/2023,1827985
9/23/2023,2085311
9/24/2023,2030403
9/25/2023,2000647
9/26/2023,2059441
9/27/2023,1747300
9/28/2023,2002308
9/29/2023,737380
9/30/2023,720218
10/1/2023,2141008
10/2/2023,1285894
10/3/2023,1535696
10/4/2023,2113325
10/5/2023,2236759
10/6/2023,2285669
10/7/2023,2318201
10/8/2023,2238969
10/9/2023,2227142
10/10/2023,2171839
10/11/2023,2243598
10/12/2023,2165941
10/13/2023,2204175
10/14/2023,2231936
10/15/2023,2153838
10/16/2023,2048160
10/17/2023,1413194
10/25/2023,577605
10/26/2023,1941868
10/27/2023,1898701
10/28/2023,1704375
10/29/2023,1846892
10/30/2023,1873992
10/31/2023,1919594
11/1/2023,1989916
11/2/2023,1883271
11/3/2023,1867716
11/4/2023,1916801
11/5/2023,1923537
11/6/2023,1731441
11/7/2023,1788283
11/8/2023,1813586
11/9/2023,1732747
11/10/2023,1845310
11/11/2023,1782760
11/12/2023,1713535
11/13/2023,1731790
11/14/2023,1529200
11/15/2023,1686535
11/16/2023,1595218
11/17/2023,1582998
11/18/2023,1480906
11/19/2023,1556166
11/20/2023,1582077
11/21/2023,1688393
11/22/2023,1653039
11/23/2023,1543532
11/24/2023,1378090
11/25/2023,1585352
11/26/2023,1459450
11/27/2023,1642474
11/28/2023,1689155
11/29/2023,1704986
11/30/2023,1698815
12/1/2023,1650689
12/2/2023,1682128
12/3/2023,1652756
12/4/2023,1702392
12/5/2023,1692564
12/6/2023,1812889
12/7/2023,2036746
12/8/2023,1870597
12/9/2023,1861037
12/10/2023,1758117
12/11/2023,1749402
12/12/2023,1839180
12/13/2023,1879351
12/14/2023,1550322
12/15/2023,1789726
12/16/2023,1878279
12/17/2023,1594761
12/18/2023,1821171
12/19/2023,1851979
12/20/2023,1816751
12/21/2023,4221155
12/22/2023,4577030
12/23/2023,4863209
12/24/2023,4615471
12/25/2023,5060366
12/26/2023,3930159
12/27/2023,4865156
12/28/2023,4021886
12/29/2023,4295087
12/30/2023,4028818
12/31/2023,3809601
1/1/2024,4324691
1/2/2024,4421020
1/3/2024,3927460
1/4/2024,2928533
1/5/2024,2125092
1/6/2024,1760972
1/7/2024,1790412
1/8/2024,1850457
1/9/2024,1823164
1/10/2024,1775438
1/11/2024,1682400
1/12/2024,1740050
1/13/2024,1849280
1/14/2024,1720120
1/15/2024,1811604
1/16/2024,1846950
1/17/2024,1854034
1/18/2024,1664602
1/19/2024,1577151
1/20/2024,1768387
1/21/2024,1496588
1/22/2024,1856918
1/23/2024,1856673
1/24/2024,1662138
1/25/2024,1737297
1/26/2024,1641427
1/27/2024,1589015
1/28/2024,1649018
1/29/2024,1244072
1/30/2024,1739560
1/31/2024,1686640
2/1/2024,1441683
2/2/2024,1545794
2/3/2024,1763352
2/4/2024,1786958
2/5/2024,1807177
2/6/2024,1983576
2/7/2024,2549249
2/8/2024,2387747
2/9/2024,2468238
2/10/2024,2007845
2/11/2024,1956960
2/12/2024,1954493
2/13/2024,2258827
2/14/2024,2055829
2/15/2024,2156523
2/16/2024,2261137
2/17/2024,2416600
2/18/2024,2113144
2/19/2024,2060267
2/20/2024,2442424
2/21/2024,2558441
2/22/2024,2480801
2/23/2024,2483093
2/24/2024,2327019
2/25/2024,2473745
2/26/2024,2187225
2/27/2024,2501254
2/28/2024,2641292
2/29/2024,2507882
3/1/2024,2572015
3/2/2024,2602356
3/3/2024,2663847
3/4/2024,2571994
3/5/2024,2633055
3/6/2024,2376364
3/7/2024,2593065
3/8/2024,2626615
3/9/2024,2712132
3/10/2024,2528953
3/11/2024,2741396
3/12/2024,1960258
3/13/2024,2687872
3/14/2024,2786595
3/15/2024,2698284
3/16/2024,2581739
3/17/2024,2523721
3/18/2024,2530762
3/19/2024,2420727
3/20/2024,2531643
3/21/2024,2397344
3/22/2024,2418921
3/23/2024,2489380
3/24/2024,2475409
3/25/2024,2543021
3/26/2024,2504137
3/27/2024,2437279
3/28/2024,2601841
3/29/2024,2353977
3/30/2024,2577909
3/31/2024,2770376
4/1/2024,2690074
4/2/2024,2618049
4/3/2024,2424426
4/4/2024,2314113
4/5/2024,2494343
4/6/2024,2802942
4/7/2024,2822785
4/8/2024,2782782
4/9/2024,2763323
4/10/2024,2741248
4/11/2024,2596309
4/12/2024,2548699
4/13/2024,2685240
4/14/2024,2668604
4/15/2024,2718398
4/16/2024,2598114
4/17/2024,2593765
4/18/2024,2463282
4/19/2024,2515616
4/20/2024,2626614
4/21/2024,2637191
4/22/2024,2774075
4/23/2024,2701316
4/24/2024,2586377
4/25/2024,2638126
4/26/2024,2537743
4/27/2024,2345013
4/28/2024,2315343
4/29/2024,2334690
4/30/2024,1851743
5/6/2024,1178022
5/7/2024,2849314
5/8/2024,2659898
5/9/2024,2464370
5/10/2024,2469057
5/11/2024,2575881
5/12/2024,2565463
5/13/2024,2752569
5/14/2024,2679186
5/15/2024,2510484
5/16/2024,2439470
5/17/2024,2353989
5/18/2024,2364491
5/19/2024,2442610
5/20/2024,2491482
5/21/2024,2527445
5/22/2024,2354005
5/23/2024,2502845
5/24/2024,2117618
5/25/2024,2126574
5/26/2024,2291300
5/27/2024,2460110
5/28/2024,2696684
5/29/2024,2344784
5/30/2024,1953127
5/31/2024,1799014
6/1/2024,1815184
6/2/2024,1136926
6/3/2024,1799768
6/4/2024,1787765
6/5/2024,1926564
6/6/2024,1886193
6/7/2024,1898590
6/8/2024,1899843
6/9/2024,1963611
6/10/2024,2204004
6/11/2024,2421764
6/12/2024,2540530
6/13/2024,2670555
6/14/2024,2697063
6/15/2024,2952479
6/16/2024,2856960
6/17/2024,3549044
6/18/2024,3163201
6/19/2024,3022150
6/20/2024,3080430
6/21/2024,2793929
6/22/2024,2834914
6/23/2024,2646793
6/24/2024,2601996
6/25/2024,2291122
6/26/2024,2793453
6/27/2024,4110565
6/28/2024,4664905
6/29/2024,5113471
6/30/2024,5025752
7/1/2024,4483441
7/2/2024,5246708
7/3/2024,4492586
7/4/2024,5100202
7/5/2024,5063667
7/6/2024,4586827
7/7/2024,5285022
7/8/2024,4143905
7/9/2024,4249771
7/10/2024,4005691
7/11/2024,3624396
7/12/2024,2704365
7/13/2024,2278699
7/14/2024,2540335
7/15/2024,2274229
7/16/2024,1599408
7/17/2024,2291202
7/18/2024,2166002
7/19/2024,1856853
7/20/2024,2107308
7/21/2024,2174927
7/22/2024,1696268
7/23/2024,2147413
7/24/2024,2179306
7/25/2024,1986566
7/26/2024,1933166
7/27/2024,1773475
7/28/2024,2017961
7/29/2024,2019891
7/30/2024,2154183
7/31/2024,2129952
8/1/2024,1863324
8/2/2024,1984577
8/3/2024,1860710
8/4/2024,1736279
8/5/2024,2019051
8/6/2024,2121741
8/7/2024,2191505
8/8/2024,1594072
8/9/2024,1991715
8/10/2024,2120589
8/11/2024,1774356
8/12/2024,2158692
8/13/2024,2136324
8/14/2024,2288348
8/15/2024,1973211
8/16/2024,2199362
8/17/2024,2306041
8/18/2024,2498201
8/19/2024,2823306
8/20/2024,1799094
8/21/2024,2149912
8/22/2024,2136461
8/23/2024,1805449
8/24/2024,1865369
8/25/2024,2072942
8/26/2024,2058334
8/27/2024,1998629
8/28/2024,2119955
8/29/2024,1783774
8/30/2024,1962870
8/31/2024,2103899
9/1/2024,2102916
9/2/2024,2178458
9/3/2024,1722913
9/4/2024,1942218
9/5/2024,1388966
9/6/2024,1977777
9/7/2024,1976304
9/8/2024,1750615
9/9/2024,2000732
9/10/2024,2422401
9/11/2024,1827519
9/12/2024,1971207
9/13/2024,2037262
9/14/2024,2038216
9/15/2024,1300598
9/16/2024,2026610
9/17/2024,1798973
9/18/2024,1632881
9/19/2024,1978640
9/20/2024,1997307
9/21/2024,2144425
9/22/2024,2125969
9/23/2024,2086842
9/24/2024,1886191
9/25/2024,1714002
9/26/2024,1834981
9/27/2024,1914069
9/28/2024,1879615
9/29/2024,1672276
9/30/2024,1939994
10/1/2024,1584857
10/2/2024,1724900
10/3/2024,1962065
10/4/2024,1932011
10/5/2024,1958927
10/6/2024,1972163
10/7/2024,2004437
10/8/2024,2063381
10/9/2024,1963332
10/10/2024,1983703
10/11/2024,2533929
10/12/2024,2437158
10/13/2024,2387826
10/14/2024,1927633
10/15/2024,2336073
10/16/2024,1901037
10/17/2024,2197586
10/18/2024,2293317
10/19/2024,1836707
10/20/2024,2404140
10/21/2024,2234329
10/22/2024,1867201
10/23/2024,2090439
10/24/2024,2041686
10/25/2024,2050427
10/26/2024,1966162
10/27/2024,1985474
10/28/2024,2097853
10/29/2024,1938735
10/30/2024,1931614
10/31/2024,1710107
11/1/2024,2175061
11/2/2024,1818661
11/3/2024,2371058
11/4/2024,1964886
11/5/2024,2018328
11/6/2024,1977129
11/7/2024,1914289
11/8/2024,2066248
11/9/2024,1957291
11/10/2024,2108190
11/11/2024,2181749
11/12/2024,1958635
11/13/2024,1980555
11/14/2024,1585253
11/15/2024,2116752
11/16/2024,2023737
11/17/2024,1771489
11/18/2024,2131208
11/19/2024,2394657
11/20/2024,2202306
11/21/2024,1616821
11/22/2024,2053037
11/23/2024,2046240
11/24/2024,1758195
11/25/2024,1698226
11/26/2024,1910387
11/27/2024,1888561
11/28/2024,2098218
11/29/2024,1566990
11/30/2024,1810091
12/1/2024,2021670
12/2/2024,2114605
12/3/2024,2084866
12/4/2024,1601057
12/5/2024,2231557
12/6/2024,2190517
12/7/2024,1682721
12/8/2024,2250225
12/9/2024,1679491
12/10/2024,2120603
12/11/2024,1856280
12/12/2024,1901258
12/13/2024,1903146
12/14/2024,2228311
12/15/2024,2384770
12/16/2024,2302360
12/17/2024,1889709
12/18/2024,2032496
12/19/2024,2022068
12/20/2024,2204339
12/21/2024,2329112
12/22/2024,1807664
12/23/2024,1851125
12/24/2024,2219753
12/25/2024,2349640
12/26/2024,2287980
12/27/2024,2284040
12/28/2024,2284286
12/29/2024,2324439
12/30/2024,2258589
12/31/2024,1904405
1/1/2025,2368878
1/2/2025,2249600
1/3/2025,2308206
1/4/2025,2178203
1/5/2025,2162443
1/6/2025,2197080
1/7/2025,2196839
1/8/2025,1711330
1/9/2025,2077011
1/10/2025,2329384
1/11/2025,2116134
1/12/2025,1829902
1/13/2025,1758403
1/14/2025,2132133
1/15/2025,1926705
1/16/2025,2129866
1/17/2025,2125319
1/18/2025,2183296
1/19/2025,1927622
1/20/2025,2165372
1/21/2025,2056589
1/22/2025,2529567
1/23/2025,2062240
1/24/2025,2302403
1/25/2025,2268136
1/26/2025,2366854
1/27/2025,2173083
1/28/2025,2491341
1/29/2025,2397785
1/30/2025,2395018
1/31/2025,2570195
2/1/2025,2630438
2/2/2025,2532747
2/3/2025,2462729
2/4/2025,2693190
2/5/2025,2649876
2/6/2025,2734058
2/7/2025,2369474
2/8/2025,2703303
2/9/2025,2358201
2/10/2025,2521251
2/11/2025,2525602
2/12/2025,2726639
2/13/2025,2464107
2/14/2025,2208932
2/15/2025,2780628
2/16/2025,2707160
2/17/2025,2701675
2/18/2025,2692442
2/19/2025,2798171
2/20/2025,2969396
2/21/2025,2738965
2/22/2025,2749617
2/23/2025,2764519
2/24/2025,2294861
2/25/2025,2738347
2/26/2025,2851965
2/27/2025,2642393
2/28/2025,2710885
3/1/2025,2705258
3/2/2025,2411480
3/3/2025,2831378
3/4/2025,2858675
3/5/2025,2946903
3/6/2025,2904565
3/7/2025,2839931
3/8/2025,2818971
3/9/2025,2809373
3/10/2025,2574365
3/11/2025,2852642
3/12/2025,2825820
3/13/2025,2580397
3/14/2025,2771494
3/15/2025,2838075
3/16/2025,2781246
3/17/2025,2826515
3/18/2025,2862322
3/19/2025,2865879
3/20/2025,2746315
3/21/2025,2882573
3/22/2025,2678805
3/23/2025,2988745
3/24/2025,2731915
3/25/2025,2886856
3/26/2025,2658857
3/27/2025,2833570
3/28/2025,2632337
3/29/2025,2564134
3/30/2025,2732841
3/31/2025,3030288
4/1/2025,2827843
4/2/2025,2799108
4/3/2025,2525345
4/4/2025,2504988
4/5/2025,2575974
4/6/2025,2698705
4/7/2025,2620002
4/8/2025,2916837
4/9/2025,3160479
4/10/2025,2251458
4/11/2025,2886670
4/12/2025,2790532
4/13/2025,2293662
4/14/2025,2769376
4/15/2025,2756105
4/16/2025,2572584
4/17/2025,2863659
4/18/2025,2743507
4/19/2025,2644146
4/20/2025,2253463
4/21/2025,2533547
4/22/2025,2651710
4/23/2025,2805429
4/24/2025,2682721
4/25/2025,2725545
4/26/2025,2602274
4/27/2025,2496534
4/28/2025,2448917
4/29/2025,2537052
4/30/2025,2642799
5/1/2025,2498843
5/2/2025,2485087
5/3/2025,2771238
5/4/2025,2179788
5/5/2025,2682309
5/6/2025,2886641
5/7/2025,2942607
5/8/2025,2616083
5/9/2025,2646346
5/10/2025,2552600
5/11/2025,1990194
5/12/2025,2523104
5/13/2025,2590769
5/14/2025,2798199
5/15/2025,2755108
5/16/2025,2774551
5/17/2025,2637155
5/18/2025,2614463
5/19/2025,2521226
5/20/2025,2578485
5/21/2025,2662219
5/22/2025,2656740
5/23/2025,2759884
5/24/2025,1509365
5/25/2025,2574623
5/26/2025,2587338
5/27/2025,2050406
6/3/2025,1398483
6/4/2025,2643758
6/5/2025,2022936
6/6/2025,2768576
6/7/2025,2658221
6/8/2025,2652050
6/9/2025,2675514
6/10/2025,2715774
6/11/2025,2867959
6/12/2025,2293531
6/13/2025,2945938
6/14/2025,2817948
6/15/2025,2645450
6/16/2025,2499550
6/17/2025,2435890
6/18/2025,2659267
6/19/2025,2145712
6/20/2025,2896038
6/21/2025,2653505
6/22/2025,2648843
6/23/2025,2574655
6/24/2025,2563237
6/25/2025,2737104
6/26/2025,2081586
6/27/2025,2693706
6/28/2025,2715871
6/29/2025,2671059
6/30/2025,2632241
7/1/2025,2564239
7/2/2025,2535330
7/3/2025,2006435
7/4/2025,2518845
7/5/2025,2416656
7/6/2025,2471026
7/7/2025,2450802
7/8/2025,2471859
7/9/2025,2531011
7/10/2025,2526166
7/11/2025,2504942
7/12/2025,2016289
7/13/2025,2591862
7/14/2025,2531722
7/15/2025,622203
